archivo,titulo,anio,A,evidencia_A,B,evidencia_B,C,evidencia_C,D,confianza
02371_Revista_Latinoamericana_de_Bio_2025.pdf,La Odontopediatría en las redes sociales...,2025,Sí,"""buscou-se... por perfis de Odontopediatria nesta rede social""",Sí,"""limitações dessa pesquisa, como o funcionamento do mecanismo de busca""",Sí,"""a maioria dos perfis... encontrados no Instagram estão em desacordo""",Falla fuerte con reconocimiento,1
02381_Revista_de_Nutrición_Clínica_y_2026.pdf,Asociación entre fuerza de prensión manual...,2026,Sí,"""Se realizó un muestreo consecutivo""",Sí,"""heterogeneidad en los motivos de ingreso... representan un posible sesgo""",Sí,"""la FPM podría utilizarse para evaluar el estado nutricional""",Falla fuerte con reconocimiento,1
02383_Revista_de_Nutrición_Clínica_y_2025.pdf,Diseño y evaluación de un mosaico hospitalario...,2025,Sí,"""muestreo no probabilístico, intencional y por conveniencia""",Sí,"""limitación... dificultad presentada frente a la selección de participantes""",No,"""permitió cubrir el requerimiento... de la mayoría de los pacientes""",Debilidad importante,1
02385_Revista_de_Nutrición_Clínica_y_2025.pdf,Premio de investigación José Félix Patiño...,2025,No,Sin evidencia clara de muestreo en los resúmenes,No,Sin evidencia,No,Sin evidencia,No evaluable,1
02387_Revista_de_Nutrición_Clínica_y_2024.pdf,Comprehensive nutritional assessment...,2024,Sí,"""14 patients... and 14 individuals... descriptive cross-sectional study""",Sí,"""the sample size is small... it was not possible to collect data completely""",Sí,"""assessment... is crucial for the timely diagnosis of malnourished patients""",Falla fuerte con reconocimiento,1
02391_Revista_de_la_Facultad_de_Medi_2023.pdf,"Vasectomía: conocimientos, percepción...",2023,Sí,"""Participants were recruited by convenience sampling""",Sí,"""study population was not selected by randomized sampling... limiting data""",Sí,"""necesario desarrollar estrategias... para informar... general population""",Falla fuerte con reconocimiento,1
02393_Revista_de_la_Facultad_de_Medi_2021.pdf,Conocimiento de odontólogos chilenos...,2021,Sí,"""The study population was obtained by convenience sampling""",Sí,"""main limitation... is its sample size, as it does not allow generalizing""",Sí,"""dentists in Chile should have better access to information""",Falla fuerte con reconocimiento,1
02396_Revista_de_la_Facultad_de_Medi_2021.pdf,Prevalencia... de la infección del tracto urinario...,2021,No,"""sample was selected by simple random sampling using a random number table""",Sí,"""potential bias of classification due to the underreporting of data""",Sí,"""data reported here may help develop public policies... in similar populations""",Sin falla relevante,1
02397_Revista_de_la_Facultad_de_Medi_2020.pdf,Cambios en los parámetros antropométricos...,2020,Sí,"""Participants were selected using convenience sampling""",Sí,"""non-probabilistic selection... restrains the external validity""",Sí,"""recommend that institutions encourage the practice of PA in older adults""",Falla fuerte con reconocimiento,1
02411_Actas_Médicas_2026.pdf,Habilidades comunicativas en la formación médica...,2026,No,"""Se aplicó un cuestionario... a una muestra probabilística de 130 estudiantes""",Sí,"""metodología se basa en autopercepción... introduce un posible sesgo""",Sí,"""garantizará profesionales capaces de liderar un sistema de salud más efectivo""",Sin falla relevante,1
02412_Actas_Médicas_2025.pdf,Análisis observacional multicéntrico de la mortalidad...,2025,No,"""La muestra fue probabilística""",Sí,"""naturaleza observacional... capacidad de establecer relaciones causales limitada""",Sí,"""incluye un grupo étnico diverso de pacientes adultos ecuatorianos""",Sin falla relevante,1
02415_Actas_Médicas_2025.pdf,Factores de riesgo... hemorragia post-parto...,2025,No,"""La muestra fue probabilística""",Sí,"""Una debilidad del estudio es la falta de registro del desenlace""",Sí,"""subrayan la importancia... en mujeres jóvenes y multigestas""",Sin falla relevante,1
02417_Actas_Médicas_2025.pdf,Prevalencia de accidente cerebrovascular...,2025,No,"""La muestra fue probabilística""",No,Sin evidencia,Sí,"""determinar la vulnerabilidad de este grupo etario y tomarla en consideración""",Sin falla relevante,1
02420_Actas_Médicas_2025.pdf,Relación entre la presión sistólica...,2025,No,"""La muestra fue probabilística""",Sí,"""universo de pacientes escogidos no representa a la población general""",Sí,"""imprescindible un mayor rigor metodológico... para extrapolar estos datos""",Sin falla relevante,1
02431_Revista_de_Veterinaria_y_Zoote_2026.pdf,Características epidemiológicas de los propietarios...,2026,No,"""muestreo se realizó por conglomerados... seleccionando aleatoriamente""",No,Sin evidencia,Sí,"""que los resultados se puedan extrapolar a otras poblaciones""",Sin falla relevante,1
02437_Revista_de_Veterinaria_y_Zoote_2025.pdf,Evaluación de los efectos letales del glifosato...,2025,Sí,"""Se seleccionó una muestra intencional de 15 apicultores""",No,Sin evidencia,Sí,"""glifosato representa una amenaza significativa para la apicultura local""",Falla fuerte clásica,1
02438_Revista_de_Veterinaria_y_Zoote_2025.pdf,Evaluación efectiva... de lechones destetados...,2025,No,"""24 lechones fueron asignados aleatoriamente""",No,Sin evidencia,Sí,"""castración hormonal es muy favorable para los parámetros productivos""",Sin falla relevante,1
02445_Enfermería_Cuidados_Humanizado_2025.pdf,Caracterización de la calidad de vida...,2025,No,"""muestra aleatoria estratificada de 217 enfermeros""",Sí,"""resultados deben ser manejados con mucha prudencia""",Sí,"""Caracterización... en profesionales de enfermería en hospitales públicos""",Sin falla relevante,1
02454_Acta_Scientiarum_Education_2026.pdf,The relations... development and teacher self-efficacy...,2026,No,"""stratified survey (n = 297)""",Sí,"""limitation... lies in the territorial specificity of the sample""",Sí,"""professional development in Mongolia is most effective when...""",Sin falla relevante,1
02455_Acta_Scientiarum_Education_2026.pdf,The relationship of emotional intelligence...,2026,No,"""stratified random sample""",Sí,"""limitations due to the local nature... limits broad generalisation""",Sí,"""increased psico-emotional stability... improved the overall effectiveness""",Sin falla relevante,1
02503_Vitruvian_Cogitationes_2025.pdf,Astronomia e formação de professores...,2025,Sí,"""42 se disponibilizaram em participar da pesquisa""",Sí,"""limitações dessa pesquisa... totalizando 13 escolas""",Sí,"""reinventar e inovar essas formações, tendo como foco a Educação Básica""",Falla fuerte con reconocimiento,1
02527_Ducere_2025.pdf,Distribución espacial del derecho a la educación...,2025,Sí,"""municipios (14) seleccionados por conveniencia""",No,Sin evidencia,Sí,"""impacta los proyectos de vida de los jóvenes... su salida del sistema""",Falla fuerte clásica,1
02533_Góndola_Enseñanza_y_Aprendizaj_2025.pdf,O impacto do distanciamento social...,2025,Sí,"""composto por estudantes voluntários""",Sí,"""Reconhecemos... limitações como o número reduzido de participantes""",Sí,"""não substituem o valor formativo... reforça a relevância de modelos híbridos""",Falla fuerte con reconocimiento,1
02538_Góndola_Enseñanza_y_Aprendizaj_2024.pdf,Percepciones... sobre YouTube como fuente...,2024,Sí,"""muestreo incidental, es decir, por accesibilidad""",Sí,"""dada la limitación de nuestra muestra... no pueden ser generalizables""",Sí,"""resultar útiles para detectar aspectos... cuando usan YouTube""",Falla fuerte con reconocimiento,1
02543_Profile_Issues_in_Teachers_Pro_2026.pdf,Self-regulated learning... Colombian universities...,2026,Sí,"""26 universities... however, only... eight provided complete info""",Sí,"""due to partial completion, the number of respondents varied slightly""",Sí,"""propose pedagogical applications... in Colombian universities""",Falla fuerte con reconocimiento,1
02544_Profile_Issues_in_Teachers_Pro_2026.pdf,Teacher capabilities... Insights from Ecuador,2026,Sí,"""37 teacher educators... [from survey respondents with willingness]""",No,Sin evidencia,Sí,"""university-based ELTE in Ecuador [Insights from Ecuador]""",Falla fuerte clásica,1
02548_Profile_Issues_in_Teachers_Pro_2024.pdf,(De)Motivating factors among TESOL...,2024,Sí,"""individual interview with purposefully sampled participants""",No,Sin evidencia,Sí,"""(de)motivating factors among TESOL professionals... from South America""",Falla fuerte clásica,1
02554_Alternancia_2024.pdf,Relación entre calidad de vida y bienestar... TEA,2024,Sí,"""muestra de este estudio es de tipo censal... 21 padres de familia""",Sí,"""limitación reside en... el centro cuenta con un número limitado de padres""",Sí,"""existe una relación... en los padres de niños con autismo""",Falla fuerte con reconocimiento,1
02556_Alternancia_2024.pdf,Niveles de Comprensión Lectora: Impacto audiovisual,2024,Sí,"""diseño cuasi-experimental... imposibilidad de asignación aleatoria""",Sí,"""asignación no aleatoria... podría introducir sesgos""",Sí,"""uso de material audiovisual mejora la comprensión lectora en estudiantes""",Falla fuerte con reconocimiento,1
02558_Alternancia_2024.pdf,Relación entre resiliencia y mobbing... Achocalla,2024,No,"""se procedió a hacer una selección... aplicando un muestreo aleatorio simple""",No,Sin evidencia,Sí,"""solución al acoso laboral... está en otorgarle... autonomía... a cada trabajador""",Sin falla relevante,1
02225_Revista_Iberoamericana_de_Ciru_2024.pdf,Placa volar bloqueada en fracturas de radio distal,2024,Sí,"""Estudio retrospectivo que incluyó 81 pacientes intervenidos de FEDR... en nuestro centro hospitalario""",Sí,"""El presente trabajo tiene alguna limitación, como el carácter retrospectivo""",Sí,"""Para el tratamiento de las FEDR, la técnica MIPO... puede lograr resultados funcionales""",Falla fuerte con reconocimiento,Alta
02231_Revista_Paulista_de_Pediatria_2026.pdf,Factors associated with meeting the recommendations for physical activity...,2026,No,"""The sample selection occurred in two stages... classes were randomly selected""",Sí,"""may not be generalizable to all adolescents in the Metropolitan Region of Recife""",Sí,"""Intrapersonal, interpersonal, and community factors are associated with adherence... in adolescents""",Sin falla relevante,Alta
02232_Revista_Paulista_de_Pediatria_2025.pdf,Factors influencing the growth of preterm infants in the first two years of life,2025,Sí,"""PI <33 weeks... monitored at the institution’s high risk outpatient clinic""",Sí,"""acknowledging limitations in establishing direct causality""",Sí,"""The growth of PI in the first 24 months CA is influenced by nutritional condition""",Falla fuerte con reconocimiento,Alta
02233_Revista_Paulista_de_Pediatria_2025.pdf,Quality of life in patients with spinal muscular atrophy in Brazil,2025,Sí,"""invitations to take part in the study were posted on the Association’s social networks""",Sí,"""Because it was a remote study, many patients were not involved""",Sí,"""Patients with type 2 SMA had a worse perception of their quality of life than other patients""",Falla fuerte con reconocimiento,Alta
02235_Revista_Paulista_de_Pediatria_2024.pdf,"Associations of screen time with symptoms of stress, anxiety, and depression in adolescents",2024,Sí,"""Six schools were considered eligible, and four agreed to participate""",Sí,"""cross-sectional design... prevents us from inferring causality""",Sí,"""Screen time was positively associated with depressive, anxiety, and stress symptoms in adolescents""",Falla fuerte con reconocimiento,Alta
02236_Revista_Paulista_de_Pediatria_2024.pdf,Exploring adolescent suicide attempts before and during the coronavirus disease 2019 pandemic,2024,Sí,"""assessed the medical records of adolescents... in two emergency rooms linked to a teaching hospital""",Sí,"""conducted in only one health service with a retrospective design""",Sí,"""The COVID-19 pandemic did not show an influence on the number of suicide attempt cases""",Falla fuerte con reconocimiento,Alta
02240_Revista_Paulista_de_Pediatria_2024.pdf,Religiosity and alcohol use in adolescents with orofacial cleft,2024,Sí,"""A convenience (non-random) sample was selected from the institutions""",Sí,"""results may not represent the national reality""",Sí,"""Adolescents with higher levels of organizational and intrinsic religiosity used less alcohol""",Falla fuerte con reconocimiento,Alta
02241_Revista_da_Faculdade_de_Odonto_2025.pdf,Análise dos protocolos de ajuste de placa estabilizadora utilizados por cirurgiões-dentistas...,2025,Sí,"""A amostra, do tipo não probabilística de conveniência, foi composta por 177 cirurgiões-dentistas""",Sí,"""nossa amostra de especialistas é bem inferior a de não especialistas, o que configura uma limitação""",Sí,"""O estudo destaca a necessidade de pesquisas clínicas para desenvolver protocolos específicos""",Falla fuerte con reconocimiento,Alta
02248_Revista_da_Faculdade_de_Odonto_2021.pdf,Factors associated with edentulism in individuals with chronic kidney disease...,2021,Sí,"""A convenience (non-random) sample was selected from the institutions""",Sí,"""which does not ensure the external validity of the results""",Sí,"""Edentulism was associated with low schooling, a lack of dental care""",Falla fuerte con reconocimiento,Alta
02251_Revista_de_Enfermagem_da_UFPI_2026.pdf,Prevalência e fatores associados à ocorrência de casos de dengue grave no Maranhão,2026,No,"""analisou todos os casos de dengue notificados no Sistema de Informação de Agravos de Notificação""",Sí,"""não permite ao pesquisador controlar possíveis subnotificações, omissões ou registros incompletos""",Sí,"""Fatores sociodemográficos e clínicos influenciam a gravidade da dengue no Maranhão""",Sin falla relevante,Alta
02256_Revista_de_Enfermagem_da_UFPI_2025.pdf,Consumo de tabaco entre adolescentes do 7º ano em escola...,2025,Sí,"""amostra foi composta por 86 estudantes... aceitar participar voluntariamente""",Sí,"""tamanho amostral reduzido e a realização da pesquisa em uma única escola restringem a generalização""",Sí,"""Evidencia-se a necessidade de programas preventivos voltados a adolescentes""",Falla fuerte con reconocimiento,Alta
02262_Revista_de_Saúde_Pública_2024.pdf,Precarious work and methodological challenges to study hard-to-reach populations,2024,Sí,"""sharing the link to the online questionnaire on social media""",Sí,"""one of the major limitations of these studies is ensuring the representativeness""",Sí,"""delivery workers operating in the national territory""",Falla fuerte con reconocimiento,Alta
02268_Revista_de_Saúde_Pública_2020.pdf,Effect of early determinants on adolescent fat-free mass...,2020,No,"""One in seven births at each maternity hospital was recruited... proportional sharing""",Sí,"""Losses to follow up... may have contributed to underestimating associations""",Sí,"""The early determinants with the greatest effects on adolescent FFM are...""",Sin falla relevante,Alta
02269_Revista_de_Saúde_Pública_2019.pdf,Patient safety culture from the perspective of workers and primary health care teams,2019,Sí,"""A total of 144 professionals who responded to the questionnaire... participated""",Sí,"""analysis of patient safety culture in the teams associated with PHC in only one city""",Sí,"""patient safety culture among professionals in the Primary Health Care is positive""",Falla fuerte con reconocimiento,Alta
02270_Revista_de_Saúde_Pública_2017.pdf,Factors associated with self-reported discrimination against MSM in Brazil,2017,No,"""recruited utilizing respondent driven sampling""",Sí,"""the 10 cities selected may not represent MSM in Brazil""",Sí,"""The prevalence of self-reported discrimination among MSM in Brazil is high""",Sin falla relevante,Alta
02271_Saberes_Plurais_2025.pdf,"Análise da atuação de equipes da ESF em territórios do campo, floresta e das águas no Ceará",2025,Sí,"""amostra intencional de 68 profissionais da saúde e usuários""",No,Sin evidencia,Sí,"""muitos dos parâmetros comuns às equipes não estão sendo realizados nos territórios rurais""",Falla fuerte clásica,Alta
02278_Saberes_Plurais_2025.pdf,Saúde e resiliência de idosos participantes de projeto de extensão...,2025,Sí,"""foi estabelecida a técnica de amostragem por conveniência""",Sí,"""tamanho reduzido da amostra... não permiten generalizações""",No,"""participantes do Projeto de extensão UNAMI/UEMS possuem elevada resiliência""",Debilidad importante,Alta
02282_Vigilância_Sanitária_em_Debate_2025.pdf,Exposição ao benzeno em postos de combustíveis: percepções de risco...,2025,Sí,"""roteiro estruturado com 167 trabalhadores de 14 PRC do Rio de Janeiro""",No,Sin evidencia,Sí,"""exposição dos trabalhadores a múltiplos fatores de riscos advindos do processo laboral""",Falla fuerte clásica,Alta
02283_Vigilância_Sanitária_em_Debate_2024.pdf,Gerenciando riscos em salas de vacina...,2024,Sí,"""Estudo transversal, realizado nas salas de vacina... de um distrito sanitário""",No,Sin evidencia,Sí,"""aponta inadequações nas salas de vacina e necessidade da revisão dos processos""",Falla fuerte clásica,Alta
02288_Vigilância_Sanitária_em_Debate_2023.pdf,Plano de ensino orientado por metodologias ativas de ensino aplicado em cursos de BPM...,2023,Sí,"""Amostra de alunos participantes foi obtida por conveniência""",No,Sin evidencia,Sí,"""aumento estatisticamente significativo na aquisição de conhecimentos teóricos""",Falla fuerte clásica,Alta
02290_Vigilância_Sanitária_em_Debate_2021.pdf,Fatores associados à gravidade das reações transfusionais ocorridas em hospital de ensino...,2021,Sí,"""Estudo longitudinal retrospectivo... os dados foram coletados por meio das fichas de notificação""",Sí,"""Apesar dos esforços... ainda pode haver subnotificação desses eventos na instituição pesquisada""",Sí,"""estudo pode contribuir para subsidiar ações de hemovigilância no Brasil""",Falla fuerte con reconocimiento,Alta
02311_Revista_Chilena_de_Enfermería_2025.pdf,Eventos adversos relacionados a catéter venoso periférico en personas hospitalizadas...,2025,Sí,"""La muestra fue no probabilística por conveniencia de los casos disponibles""",Sí,"""Una de las limitantes... se relaciona a la naturaleza de prevalencia puntual... no existe representatividad""",Sí,"""fortalecimiento de prácticas clínicas para prevenir eventos adversos en personas con necesidad de un catéter""",Falla fuerte con reconocimiento,Alta
02313_Revista_Chilena_de_Enfermería_2024.pdf,Calidad de vida y autocuidado en adultos mexicanos con tratamiento de hemodiálisis en un hospital,2024,Sí,"""El muestreo fue intencionado a conveniencia para lograr un tamaño muestral lo más cercano al universo""",Sí,"""limitación del estudio son que fue un diseño transversal... cuestionarios de autoevaluación""",Sí,"""Los pacientes con hemodiálisis tienen buena calidad de vida y alta capacidad de autocuidado""",Falla fuerte con reconocimiento,Alta
02316_Revista_Chilena_de_Enfermería_2024.pdf,Evaluación de la formulación del proceso de enfermería en estudiantes de segundo año...,2024,Sí,"""Se seleccionaron convenientemente 160 trabajos presentados por estudiantes""",Sí,"""Como sesgo se observa que al interactuar con cohortes cerradas no existe la posibilidad de comparación temporal""",Sí,"""Se proponen intervenciones... Esta propuesta podría extenderse a otras poblaciones""",Falla fuerte con reconocimiento,Alta
02319_Revista_Chilena_de_Enfermería_2024.pdf,"Relación entre compromiso académico, satisfacción académica y actividad laboral en estudiantes...",2024,Sí,"""se utilizó un muestreo no probabilístico por conveniencia""",Sí,"""muestreo no probabilístico limita la generalización de los resultados a otras poblaciones""",Sí,"""integración de responsabilidades laborales y académicas podría beneficiar el desarrollo de los estudiantes""",Falla fuerte con reconocimiento,Alta
02320_Revista_Chilena_de_Enfermería_2024.pdf,Relación entre estrés académico y ansiedad en estudiantes universitarios mexicanos,2024,Sí,"""Muestreo no probabilístico a conveniencia, se encuestó a 102 participantes""",Sí,"""tamaño reducido y seleccionada de manera intencionada, lo que limita la posibilidad de extrapolar los resultados""",Sí,"""a mayor estrés académico mayor será ansiedad en los estudiantes universitarios mexicanos""",Falla fuerte con reconocimiento,Alta
02325_Revista_Chilena_de_Salud_Públi_2025.pdf,Evaluación de riesgo en salud por exposición a arsénico en agua en localidades rurales...,2025,No,"""recolectó 294 muestras de agua... según la norma de muestreo del agua potable 409/1""",Sí,"""una de las limitaciones de este estudio es el uso de metodologías de evaluación de riesgo determinísticas""",Sí,"""Las localidades estudiadas presentan un alto riesgo de efectos adversos en salud""",Sin falla relevante,Alta
02327_Revista_Chilena_de_Salud_Públi_2025.pdf,Judicialización del acceso a prestaciones médicas: el caso del Nusinersen (Spinraza)...,2025,Sí,"""Se realizó una búsqueda online de los términos Spinraza y Nusinersen dentro de la base de datos vLex""",No,Sin evidencia,Sí,"""el proceso de judicializar el acceso a este fármaco es poco eficiente""",Falla fuerte clásica,Alta
02329_Revista_Chilena_de_Salud_Públi_2025.pdf,Metahemoglobinemia adquirida secundaria a exposición a plaguicidas: rol de la vitamina C,2025,Sí,"""Se realizó un muestreo no probabilístico por conveniencia que incluyó 112 trabajadores""",No,Sin evidencia,Sí,"""La vitamina C administrada vía oral es una alternativa terapéutica eficaz y segura""",Falla fuerte clásica,Alta
02345_Revista_Colombiana_de_Gastroen_2025.pdf,Asociación entre altitud y lesiones gástricas en pacientes de un hospital de alta complejidad...,2025,No,"""Se realizó un muestreo aleatorio estratificado según la zona de residencia""",Sí,"""no fue posible analizar la relación... debido a que no se encontró consenso en el reporte de las biopsias""",Sí,"""hay una tendencia a que los pacientes con cáncer residan mayoritariamente en las zonas de altitud elevada""",Sin falla relevante,Alta
02138_O_Mundo_da_Saúde_2024.pdf,Estudo de fase II de pregabalina para prevenção de náuseas e vômitos induzidos por quimioterapia,2024,No,"""foi realizado um ensaio clínico de fase II, aleatorizado""",Sí,"""amostras maiores""",No,"""Neste estudo não foi identificada ação da pregabalina""",Sin falla relevante,Alta
02140_O_Mundo_da_Saúde_2023.pdf,Práticas Integrativas e Complementares em Saúde no enfrentamento da Covid-19 por trabalhadores remoto,2023,Sí,"""selecionados aleatoriamente por convite em redes sociais""",No,Sin evidencia,Sí,"""procurados para o enfrentamento da pandemia Covid-19, por trabalhadores em TR""",Falla fuerte clásica,Alta
02142_PAJAR_-_Pan_American_Journal_o_2025.pdf,Medo de queda e desempenho funcional de pessoas idosas da comunidade,2025,Sí,"""os participantes foram escolhidos por conveniência""",Sí,"""Como limitações do estudo, aponta-se... quantidade de participantes homens e mulheres""",Sí,"""o medo de cair pode influenciar o desempenho funcional da pessoa idosa""",Falla fuerte con reconocimiento,Alta
02143_PAJAR_-_Pan_American_Journal_o_2024.pdf,Desafios e relevância da condução veicular para a pessoa idosa,2024,Sí,"""por meio de uma amostra de conveniência""",Sí,"""limitação deste estudo é a ausência de controle sobre algumas variáveis""",Sí,"""Desafios e relevância da condução veicular para a pessoa idosa""",Falla fuerte con reconocimiento,Alta
02145_PAJAR_-_Pan_American_Journal_o_2024.pdf,Fatores associados à presença de incontinência urinária em um grupo de pessoas idosas atendidas em um ambulatório-escola,2024,Sí,"""prontuários de 108 pessoas idosas atendidas em um ambulatório interdisciplinar""",Sí,"""a pesquisa baseou-se em dados de prontuário, portanto em IU autorreferida""",Sí,"""importância de averiguar a síndrome na população geriátrica""",Falla fuerte con reconocimiento,Alta
02146_PAJAR_-_Pan_American_Journal_o_2024.pdf,Manifestações contratransferenciais e manejo psicofarmacológico no primeiro atendimento de idosos,2024,Sí,"""Os participantes foram escolhidos conforme demanda espontânea no ambulatório""",Sí,"""estudo foi restrito ao Ambulatório... de forma a limitar os resultados""",Sí,"""compreensão das manifestações contratransferenciais como uma ferramenta dentro da prática clínica""",Falla fuerte con reconocimiento,Alta
02147_PAJAR_-_Pan_American_Journal_o_2024.pdf,Prevalência da fragilidade multidimensional e risco de sarcopenia em pessoas idosas admitidas em um hospital,2024,Sí,"""amostra foi composta por 1780 prontuários de pessoas idosas internadas em hospital público""",Sí,"""limitação do presente estudo é não descrever características da amostra""",Sí,"""há prevalência da fragilidade multidimensional... entre pessoas idosas hospitalizadas""",Falla fuerte con reconocimiento,Alta
02148_PAJAR_-_Pan_American_Journal_o_2024.pdf,"Saúde mental, uso de medicamentos e mudanças de hábitos em idosos durante a pandemia de COVID-19",2024,Sí,"""voluntários foram recrutados... Ambulatório... igrejas... redes sociais""",Sí,"""o estudo apresentou um número relativamente pequeno de voluntários""",Sí,"""ha relação entre doenças crônicas e distúrbios psiquiátricos em idosos""",Falla fuerte con reconocimiento,Alta
02150_PAJAR_-_Pan_American_Journal_o_2023.pdf,Transtorno depressivo recorrente e desempenho cognitivo em idosos: um estudo de caso controle,2024,Sí,"""seleção por conveniência""",Sí,"""limitações do presente estudo incluem... seleção por conveniência""",Sí,"""relação entre transtorno depressivo recorrente (TDR) em idosos""",Falla fuerte con reconocimiento,Alta
02151_Pesquisa_Brasileira_em_Odontop_2026.pdf,ICCC Agreement in Restorative Treatment Decisions by Brazilian Dentists and Dental Students,2026,Sí,"""virtual questionnaires... survey was sent to all eligible dentists and students""",Sí,"""estudo limitado a dentistas e estudantes de odontologia de um único estado""",Sí,"""Brazilian Dentists and Dental Students""",Falla fuerte con reconocimiento,Alta
02152_Pesquisa_Brasileira_em_Odontop_2026.pdf,Resolution of Endodontic Treatments in Municipalities with Brazilian Dental Specialty Centers - CEO: Ecological Study,2026,No,"""ecological study at the municipal aggregation level... secondary data from SUS""",Sí,"""causal interpretation... should be avoided""",Sí,"""resolution of endodontic treatment in SUS in Brazilian municipalities""",Sin falla relevante,Alta
02155_Pesquisa_Brasileira_em_Odontop_2025.pdf,Different Methods for Using a Validated Comic to Promote the Safe Use of Fluoridated Toothpaste Among Children,2026,Sí,"""educators recruited from public schools in Macapá""",No,Sin evidencia,Sí,"""impact of educational strategies in promoting safe oral health practices""",Falla fuerte clásica,Alta
02159_Pesquisa_Brasileira_em_Odontop_2025.pdf,Microbiological Analysis of Oral Biofilm and Tracheal Aspirate in Child Patients under Mechanical Ventilation,2026,Sí,"""35 children... Maranhão""",No,Sin evidencia,Sí,"""child patients under mechanical ventilation""",Falla fuerte clásica,Alta
02160_Pesquisa_Brasileira_em_Odontop_2025.pdf,Oral Health of Autistic Children and Parental Attitudes Towards their Oral Care,2026,Sí,"""association for the care of these children""",No,Sin evidencia,Sí,"""children with autism""",Falla fuerte clásica,Alta
02165_RGO_Revista_Gaúcha_de_Odontolo_2025.pdf,Prevalence of malocclusion in obese children,2025,Sí,"""Children’s Obesity Center at the Varela Santiago Children’s Hospital""",No,Sin evidencia,Sí,"""obese children""",Falla fuerte clásica,Alta
02168_RGO_Revista_Gaúcha_de_Odontolo_2024.pdf,Oral cancer and prosthetic rehabilitation: how does the patient reacts?,2024,Sí,"""100% of volunteers""",No,Sin evidencia,Sí,"""Oral cancer and prosthetic rehabilitation""",Falla fuerte clásica,Alta
02172_Rasbran_2025.pdf,A influência de programas brasileiros de transferência de renda na qualidade da dieta e na segurança alimentar dos beneficiários,2024,Sí,"""51 famílias voluntárias""",Sí,"""habitava na região Sul... estudo ter sido conduzido nesta localidade""",Sí,"""beneficiários de programas brasileiros de transferência de renda""",Falla fuerte con reconocimiento,Alta
02175_Rasbran_2023.pdf,Avaliação do funcionamento intestinal com o uso agudo de Kombucha do tipo SCOBY em crianças com e sem trissomia do cromossomo 21,2022,Sí,"""amostra, não probabilística, por conveniência... 4 crianças""",Sí,"""seriam interessantes... n amostral maior""",Sí,"""regulação intestinal de crianças com e sem T21""",Falla fuerte con reconocimiento,Alta
02179_Rasbran_2023.pdf,Risco de síndrome de realimentação e desfechos clínicos em pacientes de prontos-socorros do Distrito Federal,2023,Sí,"""dois hospitais públicos do Distrito Federal""",Sí,"""limitações quanto à sua população... amostra pouco específica""",Sí,"""pacientes de prontos-socorros""",Falla fuerte con reconocimiento,Alta
02180_Rasbran_2023.pdf,Risco nutricional de pacientes com COVID-19 internados em uma unidade de terapia intensiva de referência em Joinville/SC,2023,Sí,"""hospital público de referência... Joinville""",No,Sin evidencia,Sí,"""pacientes criticamente doentes com COVID-19""",Falla fuerte clásica,Alta
02185_Revista_Bioética_2025.pdf,Comunicação de más notícias: uma necessidade negligenciada?,2025,Sí,"""link de formulário eletrônico... para ser redirecionado nas redes sociais das turmas""",Sí,"""Há a necessidade de ampliação da amostra""",Sí,"""Demonstra-se grave subvalorização do tema no ensino médico""",Falla fuerte con reconocimiento,Alta
02188_Revista_Bioética_2025.pdf,Ordem de não reanimação em pacientes oncológicos na UTI,2025,Sí,"""selecionados por amostragem por conveniência""",Sí,"""limitações na generalização dos achados""",Sí,"""investigar a opinião de médicos atuantes em UTI acerca da não reanimação""",Falla fuerte con reconocimiento,Alta
02191_Revista_Contexto_Saúde_2026.pdf,Adherence to antiretroviral treatment by pregnant women living with HIV,2026,Sí,"""convenience sampling""",Sí,"""recruitment at a single center, and convenience sampling, which may affect generalizability""",Sí,"""adherence to treatment among pregnant women living with HIV did not reach ideal levels""",Falla fuerte con reconocimiento,Alta
02195_Revista_Contexto_Saúde_2026.pdf,Understanding of people with spinal cord injury about the performance of transfers,2026,Sí,"""non-probabilistic snowball sampling was used""",Sí,"""results were built based on the understanding of paraplegics from a single region""",Sí,"""relevance of nursing interventions... within the scope of rehabilitation for people with SCI""",Falla fuerte con reconocimiento,Alta
02197_Revista_Contexto_Saúde_2026.pdf,Influence of sociodemographic factors on... use of regional foods,2026,Sí,"""population was selected through convenience sampling""",Sí,"""restricts the representativeness... and, consequently, the generalization of the results""",Sí,"""sociodemographic and economic factors... directly influence KAP""",Falla fuerte con reconocimiento,Alta
02199_Revista_Contexto_Saúde_2025.pdf,Perception of ethical climate among nurses in the hospital setting,2025,Sí,"""voluntarily participated in the study, according to their availability""",Sí,"""conducted with a specific sample... the results cannot be generalized""",Sí,"""Understand the perception of ethical climate among nurses in the hospital settings""",Falla fuerte con reconocimiento,Alta
02204_Revista_Enfermagem_UERJ_2025.pdf,Resultado da adesão ao sistema de alerta obstétrico precoce modificado,2025,Sí,"""documental, retrospectivo, com dados de prontuários""",Sí,"""falta de informações sociodemográficos e obstétricos que não foram encontrados""",Sí,"""pode ajudar no diagnóstico e tratamento oportunos... em gestantes""",Falla fuerte con reconocimiento,Media
02210_Revista_Enfermagem_UERJ_2021.pdf,Direitos protetivos à prática do aleitamento materno de mães de recém-nascidos prematuros,2021,Sí,"""amostra não probabilística... conforme a disponibilidade materna""",Sí,"""limitações do estudo foram relacionadas ao uso da amostragem não probabilística""",Sí,"""necessidade de investir em ações de educação permanente... sobre a promoção... do prematuro""",Falla fuerte con reconocimiento,Alta
02215_Revista_Gaúcha_de_Enfermagem_2025.pdf,Collective construction of a Continuing Health Education Center,2025,Sí,"""Sampling was non-probabilistic""",Sí,"""Although limited to one municipality""",Sí,"""strategy for transforming health practices in the Unified Health System""",Falla fuerte con reconocimiento,Alta
02220_Revista_Gaúcha_de_Enfermagem_2025.pdf,Usability of the ConectAPS-CRIE platform for management of special immunobiologicals,2025,Sí,"""purposive, non-probabilistic sample""",Sí,"""evaluation involved only one PHC unit... small number of professionals""",Sí,"""excellent average usability... platform can improve workflows""",Falla fuerte con reconocimiento,Alta
02058_ColunaColumna_2023.pdf,PYOGENIC SPONDYLODISCITIS: RISK FACTORS FOR THERAPEUTIC FAILURE AND RECURRENCE,2023,Sí,"""Initially, all patients with infectious spondylodiscitis attending in the period of the study were selected from the hospital files""",Sí,"""as a single-center study... clinical features may not be generalizable to other regions""",Sí,"""our data indicate that, in a Brazilian setting, PS is associated with significant morbidity""",Falla fuerte con reconocimiento,Alta
02059_ColunaColumna_2023.pdf,SPORTS PRACTICE AFTER LUMBAR DISCECTOMY IN NON-PROFESSIONAL ATHLETES: A CROSS-SECTIONAL STUDY,2023,Sí,"""A cross-sectional study was performed using a convenience sample""",Sí,"""The small number of participants is a limitation of the study""",Sí,"""core strengthening should be encouraged and recommended to all non-professional athletes""",Falla fuerte con reconocimiento,Alta
02061_Dental_Press_Journal_of_Orthod_2026.pdf,Evaluation and comparison of antimicrobial property of chitosan nanoparticles on nickel-titanium archwires: an in vivo study,2026,Sí,"""Thirty patients undergoing orthodontic treatment who had given consent were selected""",Sí,"""Further research with larger sample sizes... is needed to confirm the safety and efficacy""",Sí,"""Orthodontic archwires coated with nanochitosan demonstrated significantly greater antimicrobial activity""",Falla fuerte con reconocimiento,Alta
02062_Dental_Press_Journal_of_Orthod_2025.pdf,Oral health-related quality of life and pain perception among adult patients treated with clear aligners: a longitudinal prospective study,2025,Sí,"""These patients were consecutively assigned to two groups""",Sí,"""the limitations discussed earlier should be considered, and the results should be interpreted with caution, and not generalized""",Sí,"""In the early stages of OT, the CAT group demonstrated improvements in QoL... while the FCBT group showed a decrease""",Falla fuerte con reconocimiento,Alta
02063_Dental_Press_Journal_of_Orthod_2024.pdf,Evaluation of facial pleasantness in patients with complete and unilateral cleft lip and palate rehabilitated and submitted to orofacial harmonization,2024,Sí,"""individuals with complete and unilateral cleft lip and palate... treated at the Hospital... or in a private practice""",Sí,"""We consider this fact to be a limitation of the study""",Sí,"""The filling of the middle third... increased the pleasantness of the face in the opinion of laypeople with cleft lip and palate""",Falla fuerte con reconocimiento,Alta
02065_Dental_Press_Journal_of_Orthod_2024.pdf,Occlusion development after premature loss of deciduous anterior teeth: preliminary results of a 24-month prospective cohort study,2024,Sí,"""a non-probabilistic sample was adopted""",Sí,"""Taking into account the limitations of a small sample size""",Sí,"""The results suggest that the premature loss of deciduous anterior teeth does not affect the perimeter""",Falla fuerte con reconocimiento,Alta
02066_Dental_Press_Journal_of_Orthod_2024.pdf,Orthodontic finishing errors detected in board-approved cases: common types and prediction,2024,Sí,"""survey collected retrospective data from the clinical phase of BBO examinations""",Sí,"""One methodological limitation... is its retrospective design""",Sí,"""Orthodontic finishing errors are inevitable, even in well-finished board-approved cases""",Falla fuerte con reconocimiento,Alta
02067_Dental_Press_Journal_of_Orthod_2024.pdf,Periodontal indexes of two types of 3 x 3 retainers: 0.032-in SS V-loop versus 0.0215-in SS coaxial — a randomized crossover trial,2023,Sí,"""15 patients were enrolled in this study who used both retainers""",Sí,"""six months of observation may not be sufficient to understand the impact""",Sí,"""V-Loop retainer showed higher PI... higher bonding failure rate and less comfortable""",Falla fuerte con reconocimiento,Alta
02069_Dental_Press_Journal_of_Orthod_2024.pdf,Tomographic diagnosis of alveolar bone coverage impact in orthodontic planning: cross-sectional study,2024,Sí,"""Brazilian orthodontists recruited from September 2017 to September 2019 via Google Forms questionnaires""",Sí,"""One limitation of this study was that the participants had no chance to examine the patient""",Sí,"""The evaluation of bone coverage through CBCT images has a substantial impact on... the Brazilian orthodontists""",Falla fuerte con reconocimiento,Alta
02070_Dental_Press_Journal_of_Orthod_2023.pdf,Impact of low intensity pulsed ultrasound on volumetric root resorption of maxillary incisors in patients treated with clear aligner therapy: A retrospective study,2023,Sí,"""evaluated pretreatment... and post-treatment... images of 42 adult patients... treated... by the same orthodontist (TE)""",Sí,"""Due to the retrospective nature of the study... potential biases that could result from the patient’s own decision on the group allocation""",Sí,"""LIPUS group showed less volumetric root resorption compared to control group""",Falla fuerte con reconocimiento,Alta
02071_HSJ_2025.pdf,The influence of stress on academic performance and sleep quality: a cross-sectional study with university students,2025,Sí,"""digital questionnaire distributed through Google Forms... disseminated through multiple channels: prior to the start of classes... academic groups""",Sí,"""sample was limited to students from a single institution, which may restrict the generalizability""",Sí,"""Stress significantly affects university students’ well-being... high prevalence of stress may lead to long-term consequences""",Falla fuerte con reconocimiento,Alta
02072_HSJ_2025.pdf,Effect of polidocanol foam sclerotherapy for the treatment of venous ulcers: a randomized clinical trial protocol,2025,No,"""This will be a randomized... clinical trial... Participants will be randomly selected... through Randomizer""",Sí,"""Single-center exploratory clinical trial... low-quality evidence suggests that compression stockings are effective""",No,"""Sin evidencia""",No evaluable,Alta
02077_HSJ_2025.pdf,"Circulation pattern of influenza A/B virus and Respiratory Syncytial Virus (RSV) in Fortaleza, Ceará, after the SARS-CoV-2 pandemic",2025,Sí,"""survey of data from the laboratory’s clinical databases... participating individuals are clients of a local private laboratory""",Sí,"""data come from a single city... payment for the diagnostic test... contributed to the less heterogeneous population sample""",Sí,"""revealing the reestablishment of the seasonality and incidence of influenza A/B virus and RSV for the first time after the COVID-19 pandemic""",Falla fuerte con reconocimiento,Alta
02079_HSJ_2025.pdf,Physical inactivity and sedentary behavior profiles in individuals with heart failure: comparison with healthy subjects and determinant factors,2025,Sí,"""A convenience sample comprised individuals with HF... healthy adults... recruited from the community through social media""",Sí,"""Potential limitations... small size and convenience nature of the sample... hinder the generalizability""",Sí,"""Individuals with HF are 60%-70% less active than matched controls, and even more markedly on weekends""",Falla fuerte con reconocimiento,Alta
02080_HSJ_2025.pdf,Traditional bilateral sagittal split osteotomy versus short variant on the sensory recovery of the chin and lower lip,2025,Sí,"""Patients who were indicated for jaw... surgery... were selected""",Sí,"""limitations, such as the possible influence of sex and age... future studies, with a broader BSSO sample, are required""",Sí,"""the modified (short) BSSO provides a faster sensitivity recovery, and it is also considered a simpler and less traumatic approach""",Falla fuerte con reconocimiento,Alta
02081_Infarma_Pharmaceutical_Science_2025.pdf,Análise das reações adversas notificadas espontaneamente por farmacêuticos em um hospital de ensino do Ceará,2025,Sí,"""coletadas informações sobre RAM notificadas por farmacêuticos ao Núcleo de Segurança do paciente""",Sí,"""Um dos principais fatores limitantes do estudo foi a subnotificação""",Sí,"""as RAM mais notificadas foram prurido, parestesia e rash cutâneo... contribuindo para o aumento da segurança do paciente""",Falla fuerte con reconocimiento,Alta
02082_Infarma_Pharmaceutical_Science_2025.pdf,Folder Educativo como Ferramenta de Incremento de Medidas Válidas de Pressão Arterial da MAPA,2025,Sí,"""Estudo de intervenção aberto, realizado nos serviços de cardiologia de hospitais, público e privado""",No,"""Sin evidencia""",Sí,"""uso do folder favoreceu maior número de leituras válidas... com potencial para ser utilizado na prática assistencial""",Falla fuerte clásica,Media
02086_Infarma_Pharmaceutical_Science_2024.pdf,Uso profilático e farmacoterapêutico da Azitromicina durante a pandemia da Covid-19 e seus riscos à saúde,2024,Sí,"""coleta de questionários aplicados de maneira on-line... dentre os voluntários 63,2 % foram mulheres""",No,"""Sin evidencia""",Sí,"""utilização inconsequente de antibióticos e a automedicação trazem riscos para a saúde individual e coletiva""",Falla fuerte clásica,Alta
02105_Jornal_Vascular_Brasileiro_2024.pdf,Estudo transversal multicêntrico comparando o gênero no reparo endovascular de aneurismas de aorta abdominal infrarrenal,2024,Sí,"""Todos os casos do Registro foram incluídos de forma consecutiva""",Sí,"""indicações cirúrgicas e critérios ficaram ao escrutínio de cada equipe isoladamente, o que pode ter ocasionado um viés de seleção""",Sí,"""Nas mulheres, o diâmetro aneurismático foi menor e as complicações obstrutivas foram mais frequentes""",Falla fuerte con reconocimiento,Alta
02111_Journal_of_the_Foot_Ankle_2026.pdf,Epidemiological analysis of stress fractures in runners,2026,Sí,"""including 230 runners linked to sports advisory services... collection took place electronically... disseminated to groups of amateur runners""",No,"""Sin evidencia""",Sí,"""Stress fractures in Brazilian runners have a multifactorial character... findings reinforce the need for integrated preventive strategies""",Falla fuerte clásica,Alta
02112_Journal_of_the_Foot_Ankle_2026.pdf,Epidemiological study and clinical-functional evaluation of patients undergoing surgical treatment of tibial pilon fractures,2025,Sí,"""Retrospective and descriptive study based on the analysis of 35 patients diagnosed with tibial pilon fracture""",No,"""Sin evidencia""",Sí,"""The epidemiology of TPFs reinforces their predominance among males aged 25-50 years""",Falla fuerte clásica,Alta
02118_Journal_of_the_Foot_Ankle_2026.pdf,Implant failure after ankle arthrodesis versus total ankle arthroplasty: a matched-cohort study,2026,No,"""data used in this study were acquired from TriNetX, a global federated health research network""",Sí,"""Although PSM achieved adequate balance for most baseline covariates, small residual imbalances remained""",Sí,"""Hazard ratios (HRs) with 95% CI were reported... Statistical significance was defined as a two-sided p-value < 0.05""",Sin falla relevante,Alta
02122_Medicina_Veterinária_2025.pdf,Análise radiográfica quantitativa da silhueta cardíaca de carcarás (Caracara plancus) clinicamente saudáveis de vida livre,2025,Sí,"""estudo retrospectivo com base nos dados registrados nos atendimentos clínicos de animais pelo Centro de Triagem""",Sí,"""Este estudo apresenta algumas limitações. O número de carcarás avaliados radiograficamente foi pequeno""",Sí,"""acreditamos que... seja possível extrapolar nossos resultados como valores de referência para a espécie""",Falla fuerte con reconocimiento,Alta
02123_Medicina_Veterinária_2025.pdf,Análise radiográfica quantitativa da silhueta cardíaca de carcarás (Caracara plancus) clinicamente saudáveis de vida livre,2025,Sí,"""estudo retrospectivo com base nos dados registrados nos atendimentos clínicos de animais pelo Centro de Triagem""",Sí,"""Este estudo apresenta algumas limitações. O número de carcarás avaliados radiograficamente foi pequeno""",Sí,"""acreditamos que... seja possível extrapolar nossos resultados como valores de referência para a espécie""",Falla fuerte con reconocimiento,Alta
02124_Medicina_Veterinária_2025.pdf,Assessment of the uterus in bovines with endometritis using Doppler ultrasound,2025,Sí,"""This study was carried out on dairy farms in the State of São Paulo (n=2) and Minas Gerais (n=1)""",No,"""Sin evidencia""",Sí,"""Doppler ultrasound offers a rapid evaluation method for uterine alterations... provides insights into fertility and uterine health""",Falla fuerte clásica,Alta
02129_Medicina_Veterinária_2025.pdf,"Prevalence of anti-Toxoplasma gondii antibodies in quilombola communities of the Pajeú and Mata Meridional Pernambucana microregions, Brazil",2025,Sí,"""The sampling of community residents was based on individual interest, which emerged following discussions""",No,"""Sin evidencia""",Sí,"""Studying the seroprevalence of T. gondii infection in quilombolas provides essential insights into the epidemiology of toxoplasmosis""",Falla fuerte clásica,Alta
02132_O_Mundo_da_Saúde_2025.pdf,"Caracterização da Salicornia patagónica: aspectos nutricionais, sensoriais e microbiológicos",2025,Sí,"""foi realizado um estudo observacional... com uma amostra não probabilística de 20 adultos""",No,"""Sin evidencia""",Sí,"""aumento nos ácidos graxos... podem ser úteis em dietas especiais para personas com doenças oncológicas, cardíacas""",Falla fuerte clásica,Alta
02133_O_Mundo_da_Saúde_2025.pdf,Análise do desempenho funcional em indivíduos recuperados da COVID-19: avaliação por meio do teste de caminhada de seis minutos,2025,Sí,"""A amostra foi obtida por meio da inclusão sequencial de todos os pacientes elegíveis para o estudo""",Sí,"""alguns apontamentos não podem ser negligenciados, tais como: pequeno tamanho amostral""",Sí,"""O TC6’ demonstrou-se útil na avaliação da tolerância ao esforço em indivíduos pós-COVID""",Falla fuerte con reconocimiento,Alta
02134_O_Mundo_da_Saúde_2025.pdf,Prática de atividade física e autoavaliação negativa de saúde em estudantes universitários durante a COVID-19,2025,Sí,"""São consideradas limitações deste estudo a amostra por conveniência""",Sí,"""amostra por conveniência, que pode gerar vieses na representação de resultados da população universitária""",Sí,"""Houve uma relação importante entre a PAFF e a AANS em ambos os sexos durante a pandemia""",Falla fuerte con reconocimiento,Alta
02135_O_Mundo_da_Saúde_2024.pdf,Avaliação da qualidade do sono e sonolência diurna de um grupo de idosos,2024,Sí,"""A amostra foi selecionada por conveniência e foram incluídos idosos""",Sí,"""As limitações... amostra ter sido selecionada por conveniência, o que não permite extrapolar os resultados para outras populações""",Sí,"""na saúde das pessoas idosas, está relacionada a vários efeitos adversos, como a incapacidade funcional""",Falla fuerte con reconocimiento,Alta
01974_Acta_Ortopédica_Brasileira_2025.pdf,"SHOULDER PAIN, ULTRASOUND CHANGES, AND FUNCTIONAL PERFORMANCE IN OBESE PATIENTS",2024,Sí,"""The study sample comprised 54 morbidly obese patients... selected for bariatric surgery""",Sí,"""Our study sample was relatively small""",Sí,"""useful for formulating preventive and therapeutic strategies for this particular subgroup""",Falla fuerte con reconocimiento,Alta
01975_Acta_Ortopédica_Brasileira_2025.pdf,SURGICAL PROCEDURES PROLONG AMBULATION IN PATIENTS WITH DUCHENNE MUSCULAR DYSTROPHY,2025,Sí,"""analyzed for inclusion, thus defining a convenience sample""",Sí,"""The sample size was small, which limits the strength of conclusions""",Sí,"""corroborate the evidence that surgical interventions are beneficial for these patients""",Falla fuerte con reconocimiento,Alta
01978_Acta_Ortopédica_Brasileira_2024.pdf,EPIDEMIOLOGICAL PROFILE OF PATIENTS WITH TIBIA DIAPHYSIS FRACTURE TREATED AT A TERTIARY LEVEL HOSPITAL,2024,Sí,"""patients... who underwent surgical and/or conservative treatment in a tertiary hospital""",No,Sin evidencia,Sí,"""there is a need for intervention in accident prevention policies""",Falla fuerte clásica,Alta
01980_Acta_Ortopédica_Brasileira_2024.pdf,WHAT IS THE EPIDEMIOLOGICAL PROFILE OF ACUTE HAND INFECTIONS AT A HOSPITAL IN SAO PAULO?,2024,Sí,"""patients with acute hand infections, who attended the previously described service""",Sí,"""To obtain more robust conclusions, it would be essential to have a larger sample""",Sí,"""ensure appropriate and effective therapy""",Falla fuerte con reconocimiento,Alta
01981_Acta_Paulista_de_Enfermagem_2026.pdf,Aleitamento na primeira hora de vida e via de parto entre primíparas,2025,Sí,"""primíparas... assistidas em maternidades vinculadas a hospitais universitários""",Sí,"""compromete a generalização dos resultados""",Sí,"""evidências sugerem fortemente a necessidade de apoio e suporte ao aleitamento materno""",Falla fuerte con reconocimiento,Alta
01984_Acta_Paulista_de_Enfermagem_2026.pdf,Gerência do cuidado de enfermagem no contexto pandêmico da COVID-19: estudo qualitativo,2025,Sí,"""A seleção de todos os municípios foi intencional.""",Sí,"""predominância de entrevistados oriundos da zona urbana""",Sí,"""prestação do cuidado na região amazônica mais complexa""",Falla fuerte con reconocimiento,Alta
01991_Arquivos_Brasileiros_de_Cardio_2026.pdf,Explorando as Correlações entre as Manifestações Clínicas e Radiológicas Iniciais na Arterite de Takayasu,2025,Sí,"""estudo de coorte retrospectivo, unicêntrico... de um hospital terciário""",Sí,"""resultados podem não ser generalizáveis para populações mais amplas""",Sí,"""claudicação intermitente dos membros é um importante indicador prognóstico""",Falla fuerte con reconocimiento,Alta
01993_Arquivos_Brasileiros_de_Cardio_2025.pdf,Análise de Sobrevida e Fatores Associados a Mortalidade em Portadores de Insuficiência Cardíaca na Coorte ELSA-Brasil,2025,Sí,"""coorte multicêntrica composta por 15.105 servidores públicos brasileiros""",Sí,"""representa um segmento específico... o que pode dificultar a extrapolação""",No,Sin evidencia,Debilidad importante,Alta
01994_Arquivos_Brasileiros_de_Cardio_2025.pdf,Aplicações Prognósticas dos Escores Clínicos Atuais em Insuficiência Cardíaca com Fração de Ejeção Preservada,2025,Sí,"""participantes foram recrutados em regime ambulatorial... na instituição""",Sí,"""conduzido em centro único, o que pode restringir a generalização""",Sí,"""contribuem para a estratificação de risco na prática clínica""",Falla fuerte con reconocimiento,Alta
01995_Arquivos_Brasileiros_de_Cardio_2025.pdf,O Twitter (X) como Ferramenta de Comunicação e Educação para Cardiologistas Brasileiros,2024,Sí,"""coletados usando a ferramenta FollowerWonk usando as palavras-chave ‘cardiologist’ OR ‘cardiologista’""",Sí,"""pesquisa pode apresentar limitações de cobertura""",Sí,"""cardiologistas brasileiros preferem uma comunicação pessoal e direta nas redes sociais""",Falla fuerte con reconocimiento,Alta
01998_Arquivos_Brasileiros_de_Cardio_2022.pdf,A Curva Volume-Tempo Obtida pela Ecocardiografia Tridimensional na Cardiomiopatia Chagásica,2022,Sí,"""Vinte pacientes com CC e 15 indivíduos saudáveis foram incluídos prospectivamente""",Sí,"""Os valores normais para o QS/volume diastólico final VE basearam-se nos controles, que podem não ser os valores de referência.""",Sí,"""demonstramos que o aumento no volume diastólico final do VE pode ser o principal mecanismo de adaptação""",Falla fuerte con reconocimiento,Alta
02004_Brazilian_Dental_Science_2025.pdf,Has Brazilian Pediatric Dentistry broken the glass ceiling in women’s participation in academic science?,2025,Sí,"""analyzed data from 29 research productivity grant holders listed by Brazil’s National Council (CNPq).""",Sí,"""It included only Brazilian researchers in Pediatric Dentistry who hold CNPq productivity scholarships""",Sí,"""the data suggest that gender disparities may still exist in academic impact and research visibility.""",Falla fuerte con reconocimiento,Alta
02011_Brazilian_Journal_of_Forensic_2025.pdf,Analysis of Whistleblowing in Academia,2024,Sí,"""ninety-six universities were selected based on their Shanghai Ranking position.""",Sí,"""It is impossible to address the topic of preventing unethical issues with a one size fits all model""",Sí,"""large number of individuals within the academic context suffer unethical issues.""",Falla fuerte con reconocimiento,Alta
02017_Brazilian_Journal_of_Forensic_2022.pdf,Assassinos em Série Brasileiros: Análise de Variáveis para Elaboração de Perfil Criminal Nacional,2022,Sí,"""analisou-se dados de 29 serial killers... com o recorte dos casos mais conhecidos""",Sí,"""houve limitações quanto à qualidade das fontes""",Sí,"""Elaboração de Perfil Criminal Nacional""",Falla fuerte con reconocimiento,Alta
02021_Brazilian_Journal_of_Nephrolog_2026.pdf,Analysis of sarcopenia parameters and falls in hemodialysis patients,2026,Sí,"""A non-probabilistic convenience sample was utilized in this study.""",Sí,"""convenience sample from a single center may limit the applicability of our findings""",Sí,"""History of falls was not independently associated with muscle strength or mass in ESRD patients on HD.""",Falla fuerte con reconocimiento,Alta
02022_Brazilian_Journal_of_Nephrolog_2025.pdf,Acute kidney injury in critically ill COVID-19 patients in a tertiary hospital,2025,Sí,"""Prospective single-center cohort of critically ill COVID-19 adult patients""",Sí,"""limitations include the single-center nature... therefore limiting the generalizability of findings.""",Sí,"""Critically ill COVID-19 patients with NC-AKI presented a high frequency of AKI stage 3""",Falla fuerte con reconocimiento,Alta
02024_Brazilian_Journal_of_Nephrolog_2025.pdf,Nephrologists’ perceptions of competencies acquired during medical residency in Nephrology,2025,Sí,"""using a non-probabilistic 'snowball' sampling method.""",Sí,"""This was a convenience sample... which hinders the extrapolation of data to those locations.""",Sí,"""highlights the perception of the nephrologists about the competencies acquired during MR""",Falla fuerte con reconocimiento,Alta
02029_Brazilian_Journal_of_Nephrolog_2025.pdf,Urinary and serum biomarkers of renal injury in coronary artery bypass grafting,2025,Sí,"""enrolled patients who underwent cardiac surgery... at the Walter Cantidio University Hospital""",Sí,"""It was single-centered and had a small sample size, which hindered regression analysis.""",Sí,"""CBP procedure used during CABG was associated with relevant effects on kidney structure""",Falla fuerte con reconocimiento,Alta
02038_Brazilian_Neurosurgery_2022.pdf,Perfil epidemiológico de 96 tumores intracranianos tratados em um único centro de referência,2022,Sí,"""retrospective cohort which included all patients surgically treated... at the neurosurgery service of [HUEM]""",Sí,"""more likely to only represent a strict reality of a hospital in the south of Brazil.""",No,"""The present study aims to categorize the prevalence... at the neurosurgery service of [HUEM]""",Debilidad importante,Alta
02039_Brazilian_Neurosurgery_2022.pdf,Risk Factors for Malfunction of Ventriculoperitoneal Shunts Performed by Medical Residents in Children,2022,Sí,"""retrospective cohort study of a case series of patients attending the Pediatric Neurosurgery Outpatient Clinic""",Sí,"""limitations of our study included the small sample size""",Sí,"""VPSs performed in children by medical residents were at a higher risk of malfunction""",Falla fuerte con reconocimiento,Alta
02041_Cogitare_Enfermagem_2026.pdf,Avaliação da completude do preenchimento da caderneta da gestante,2026,Sí,"""A amostra foi não probabilística, por conveniência""",No,Sin evidencia,Sí,"""necessidade de fortalecer o processo de registro e acompanhamento do pré-natal""",Falla fuerte clásica,Alta
02042_Cogitare_Enfermagem_2025.pdf,Análise do desfecho de pacientes com infarto agudo do miocárdio submetidos à intervenção coronariana percutânea,2025,Sí,"""230 pacientes se enquadraram nos critérios de inclusão e formaram a amostra do estudo""",Sí,"""Como limitações, a pesquisa em bases de dados secundárias restringe os pesquisadores""",Sí,"""evidencia a necessidade de aplicação de novas estratégias para a gestão""",Falla fuerte con reconocimiento,Alta
02046_Cogitare_Enfermagem_2025.pdf,Fatores que condicionam a utilização do acesso vascular intraósseo pelos enfermeiros do serviço de urgência,2025,Sí,"""amostragem não probabilística de conveniência""",Sí,"""utilização de uma amostra de conveniência de um único hospital pode limitar a generalização""",Sí,"""promover a adoção do acesso vascular intraósseo em serviços de emergência""",Falla fuerte con reconocimiento,Alta
02047_Cogitare_Enfermagem_2025.pdf,Intervenções educativas para pessoas com diabetes no contexto pandêmico e pós-pandêmico da COVID-19: quase-experimento,2025,No,"""selecionados por meio da amostragem probabilística aleatória simples""",No,Sin evidencia,Sí,"""intervenções resultaram em melhoria no conhecimento dos participantes""",Sin falla relevante,Alta
02048_Cogitare_Enfermagem_2025.pdf,O processo de afirmação de gênero e os impactos na saúde dos transexuais,2025,Sí,"""O método aplicado para recrutar e entrevistar a população transexual foi o Snowball""",Sí,"""limitação do estudo destaca-se a dificuldade de acesso à população... resultou em uma amostra restrita""",Sí,"""o estudo fornece importantes bases para os profissionais de saúde na elaboração de planos de cuidado""",Falla fuerte con reconocimiento,Alta
02049_Cogitare_Enfermagem_2025.pdf,Sintomas não-psicóticos entre profissionais de enfermagem: estudo transversal no contexto da COVID-19,2025,Sí,"""A amostra foi não probabilística""",Sí,"""dificuldade de generalizar os resultados... cálculo amostral não corresponde similarmente ao número total""",Sí,"""trabalho durante o surto de COVID-19 intensificou o sofrimento mental dos trabalhadores de Enfermagem""",Falla fuerte con reconocimiento,Alta
02053_ColunaColumna_2025.pdf,Impact of age on the cost-effectiveness of facet and sacral epidural blocks,2025,Sí,"""A total of 47 patients with degenerative lumbar spine disease... were included""",Sí,"""As limitations, one can highlight... no selection or separation of groups by age""",Sí,"""demonstrated better cost-effectiveness... while for leg pain, there was no significant difference""",Falla fuerte con reconocimiento,Alta
02055_ColunaColumna_2024.pdf,Modified Three-Dimensional Classification of the Adolescent Idiopathic Scoliosis,2024,Sí,"""four hundred and four medical records... underwent surgical correction... without any specific selection""",No,Sin evidencia,Sí,"""conclui ser uma classificação realmente tridimensional""",Falla fuerte clásica,Alta
02056_ColunaColumna_2023.pdf,Epidemiological study of the prevalence of low back pain in spine surgeons in Brazil,2023,Sí,"""Non-randomized quantitative cross-sectional clinical study in a sample of 95 spine surgeons""",No,Sin evidencia,Sí,"""prevalence of low back pain in spine surgeons is high and is associated with mild inability""",Falla fuerte clásica,Alta
02057_ColunaColumna_2023.pdf,Neurological recovery after surgical treatment in patients with thoracolumbar TRM,2023,Sí,"""Data were collected on patients seen at a large public hospital... victims of SCI""",Sí,"""determining a small sample for the study""",Sí,"""Our study could not demonstrate significant differences between those patients who operated early""",Falla fuerte con reconocimiento,Alta
01762_Informática_y_Sistemas_2026.pdf,Aplicación de Design Thinking en el diseño de un entorno interactivo de Química con Realidad Aumentada,2026,Sí,"""muestreo fue de tipo no probabilístico por conveniencia""",No,Sin evidencia,Sí,"""ofreciendo un modelo replicable y adaptable a otros contextos""",Falla fuerte clásica,Alta
01764_Informática_y_Sistemas_2026.pdf,Transformación Tecnológica del Patrimonio Festivo mediante Realidad Aumentada: el Pase del Niño Rey de Reyes de Riobamba,2026,Sí,"""Se optó por el muestreo intencional""",No,Sin evidencia,Sí,"""contribuyendo al refinamiento de la relevancia pedagógica""",Falla fuerte clásica,Alta
01792_Revista_Científica_UISRAEL_2026.pdf,Crecimiento Creativo en Preescolares Peruanos a través del Modelado con Globos,2026,Sí,"""muestreo intencional""",Sí,"""limitación de contar con pocos participantes... conclusiones pueden no ser completamente confiables o representativas""",Sí,"""respalda la inclusión de actividades... en los programas de educación infantil""",Falla fuerte con reconocimiento,Alta
01794_Revista_Científica_UISRAEL_2026.pdf,Influencia del liderazgo educativo directivo sobre el clima social escolar,2026,Sí,"""muestreo no probabilístico por conveniencia""",No,Sin evidencia,Sí,"""necesario reparar en el fortalecimiento de competencias directivas""",Falla fuerte clásica,Alta
01799_Revista_Científica_UISRAEL_2025.pdf,La influencia de la comprensión lectora en la resolución de problemas matemáticos,2025,Sí,"""muestra fue no probabilística por conveniencia""",No,Sin evidencia,Sí,"""la interpretación lectora influye en la resolución de problemas matemáticos""",Falla fuerte clásica,Alta
01800_Revista_Científica_UISRAEL_2025.pdf,La lectura guiada para el desarrollo de la comprensión lectora en los estudiantes de primaria,2025,No,"""técnica se empleó la encuesta a 40 docentes""",No,Sin evidencia,Sí,"""lectura guiada permite mejorar la comprensión lectora en estudiantes""",Sin falla relevante,Media
01802_Universitas_2026.pdf,Desinformación e inteligencia artificial en el discurso político,2026,Sí,"""cuestionario online... obteniéndose 12 respuestas""",Sí,"""con las limitaciones propias de su carácter exploratorio y de la representatividad de la muestra""",Sí,"""se ha convertido ya en una herramienta de trabajo habitual en parlamentos""",Falla fuerte con reconocimiento,Alta
01848_Puriq_2024.pdf,BURNOUT Y ESTRÉS LABORAL EN DOCENTES DE INSTITUCIONES DE EDUCACIÓN SECUNDARIA,2024,Sí,"""muestreo no probabilístico de tipo censal""",No,Sin evidencia,Sí,"""instituciones privadas pueden ofrecer un entorno laboral más favorable""",Falla fuerte clásica,Alta
01851_Revista_Amazónica_de_Ciencias_2026.pdf,Articulación entre gestión pública y organizaciones sociales en el desarrollo comunitario,2026,No,"""participantes se realizó mediante muestreo probabilístico""",No,Sin evidencia,No,"""resultados no pueden generalizarse a otros escenarios""",Sin falla relevante,Alta
01853_Revista_Amazónica_de_Ciencias_2026.pdf,Efectividad del marketing de contenidos en la percepción y promoción de servicios de salud,2026,No,"""muestreo aleatorio simple""",Sí,"""Si bien los resultados no pueden generalizarse a otros escenarios""",No,"""influye de manera significativa en la percepción de los servicios de salud""",Sin falla relevante,Alta
01854_Revista_Amazónica_de_Ciencias_2026.pdf,Las 4C's del marketing y la preferencia del consumidor del sector de prendas de vestir en Tarapoto,2026,Sí,"""consumidores seleccionados mediante muestreo no probabilístico intencional""",No,Sin evidencia,Sí,"""validando la importancia del modelo como enfoque efectivo para generar preferencias sostenibles""",Falla fuerte clásica,Alta
01855_Revista_Amazónica_de_Ciencias_2026.pdf,Planificación financiera y financiamiento externo: evidencia empírica en microempresas comerciales,2026,No,"""De acuerdo con el muestreo probabilístico se tomó como muestra a 132 comerciantes""",No,Sin evidencia,Sí,"""una adecuada planificación financiera se asocia con mejores condiciones de acceso al financiamiento""",Sin falla relevante,Alta
01856_Revista_Amazónica_de_Ciencias_2026.pdf,Relación entre el presupuesto público y la calidad del gasto en el Gobierno Regional de San Martín,2026,No,"""seleccionándose una muestra probabilística... determinado mediante muestreo aleatorio simple""",No,Sin evidencia,No,"""constituya un factor determinante para mejorar la calidad del gasto en el ámbito regional""",Sin falla relevante,Alta
01857_Revista_Amazónica_de_Ciencias_2025.pdf,Agroturismo sostenible impulsando el desarrollo local: Caso de estudio en Rancho Escondido,2025,Sí,"""encuesta fue aplicada... a través de Google Forms""",No,Sin evidencia,Sí,"""analizar la implementación del agroturismo... y su potencial para impulsar el desarrollo local""",Falla fuerte clásica,Media
01858_Revista_Amazónica_de_Ciencias_2025.pdf,Influencia de las características arquitectónicas en la calidad del servicio de mercados de abastos,2025,No,"""utilizando un muestreo probabilístico aleatorio simple""",No,Sin evidencia,No,"""determinar las características arquitectónicas... y su influencia en la calidad del servicio""",Sin falla relevante,Alta
01859_Revista_Amazónica_de_Ciencias_2025.pdf,Integración de los objetivos de desarrollo sostenible en emprendimientos turísticos de Manabí,2025,No,"""La muestra del estudio se conformó por 206 emprendimientos turísticos""",No,Sin evidencia,Sí,"""analiza la incorporación de los Objetivos de Desarrollo Sostenible (ODS) en emprendimientos turísticos""",Sin falla relevante,Baja
01860_Revista_Amazónica_de_Ciencias_2025.pdf,Marketing verde e imagen de marca: Caso de estudio en una empresa distribuidora de agua,2025,No,"""aplicó un muestreo probabilístico aleatorio simple""",No,Sin evidencia,No,"""determinar la relación entre el marketing verde y la imagen de marca""",Sin falla relevante,Alta
01866_Revista_Científica_de_Sistemas_2025.pdf,Sentiment analysis in social network X for the evaluation of the positioning of candidates,2025,Sí,"""research sample consisted of 151,821 posts... collected from users of the social network""",Sí,"""sentiments expressed on X/Twitter may be biased on some occasions; however, they are excellent guides""",Sí,"""determine and analyze their popularity and acceptance among the inhabitants of Mexico""",Falla fuerte con reconocimiento,Alta
01929_Revista_Argentina_de_Reumatolo_2024.pdf,CAMBIO DE MECANISMO DE ACCIÓN VS. SEGUNDO INHIBIDOR DEL TNF,2024,Sí,"""Se recopilaron datos del registro BIOBADASAR 3.0""",No,Sin evidencia,Sí,"""quienes rotaron el mecanismo de acción... presentaron menor riesgo de discontinuación""",Falla fuerte clásica,Media
01930_Revista_Argentina_de_Reumatolo_2024.pdf,ENFERMEDAD PULMONAR INTERSTICIAL AUTOINMUNE ASINTOMÁTICA,2024,Sí,"""dentro de la cohorte multicéntrica y multidisciplinaria EPIMAR II""",No,Sin evidencia,Sí,"""La prevalencia de EPI-Ai asintomática en equipos multidisciplinarios es alta""",Falla fuerte clásica,Media
01956_Salud_Colectiva_2024.pdf,Estigma en personas sin hogar y atención en salud,2024,Sí,"""La selección muestral fue de carácter intencional""",Sí,"""se asume con ello la limitación de una mayor probabilidad de desgaste muestral""",Sí,"""Este abordaje puede ser incluido en la planificación de otros programas Housing First""",Falla fuerte con reconocimiento,Alta
01957_Salud_Colectiva_2023.pdf,La supervivencia por sobre el ideal de maternidad,2023,Sí,"""seleccionadas a través de muestreo teórico intencionado""",No,Sin evidencia,Sí,"""promuevan la conformación de grupos de apoyo para madres y familias migrantes""",Falla fuerte clásica,Alta
01961_ABCS_Health_Sciences_2026.pdf,Relationship between functional capacity and reduced lung function in adults with long Covid,2026,Sí,"""list consisting of 4,014 individuals who had tested positive... criteria were applied""",Sí,"""sample size restricts the generalization of the results""",Sí,"""findings can contribute to the adaptation of specific treatments for long COVID""",Falla fuerte con reconocimiento,Alta
01963_ABCS_Health_Sciences_2025.pdf,Analysis of Sleep Quality in Patients with Hereditary Angioedema,2025,Sí,"""Patients were invited... during outpatient consultations""",Sí,"""main one being the sample size, a common limitation in articles on rare genetic diseases""",Sí,"""suggests relevant issues to be discussed by the medical community""",Falla fuerte con reconocimiento,Alta
01966_ABCS_Health_Sciences_2025.pdf,Presence of symptoms after COVID-19 infection may explain the onset of female urinary incontinence,2025,Sí,"""Participants were invited to participate through social media""",No,Sin evidencia,Sí,"""results may redirect the urogynecological management of COVID-19 survivors""",Falla fuerte clásica,Alta
01967_ABCS_Health_Sciences_2025.pdf,Regular exercise in adolescents with ACE gene polymorphism,2025,Sí,"""adolescents... from a state public school""",No,Sin evidencia,Sí,"""Regular physical activity in adolescents can contribute to the maintenance of blood pressure""",Falla fuerte clásica,Alta
01968_ABCS_Health_Sciences_2024.pdf,Epidemiological study of Hepatitis C in people deprived of liberty,2024,No,"""A simple random sample of 233 participants... was calculated""",Sí,"""variable predictors... have been limited only to age group, drug use, and co-infection""",Sí,"""Prevalence Ratios... which could be generalized for the population""",Sin falla relevante,Alta
01972_Acta_Ortopédica_Brasileira_2025.pdf,Evaluation of arthroscopic treatment of triangular fibrocartilage,2025,Sí,"""patients with TFCC lesions treated surgically between Feb 2021 and Sep 2023""",Sí,"""retrospective design with inherent biases, small sample size... may interfere""",Sí,"""combination of advanced imaging... can significantly improve clinical outcomes""",Falla fuerte con reconocimiento,Alta
01973_Acta_Ortopédica_Brasileira_2025.pdf,Genicular nerve ablation in knee osteoarthritis,2025,Sí,"""Patients with knee osteoarthritis were selected and randomized""",Sí,"""relatively small sample size... may not be representative of the general population""",Sí,"""ablation in patients with severe OAJ can provide lasting improvements""",Falla fuerte con reconocimiento,Alta
01552_Actualidades_Biológicas_2025.pdf,Evaluación preliminar del uso del hábitat y del tiempo en un grupo urbano de tití gris,2025,Sí,"""estudio se basa en un solo grupo social""",Sí,"""caution has to be taken in their extrapolation""",Sí,"""titíes... exhibit a notable seasonal variation""",Falla fuerte con reconocimiento,Alta
01593_Cultura_y_Droga_2025.pdf,Relación entre el craving y el trastorno por uso de metanfetamina en pacientes en tratamiento residencial,2025,Sí,"""muestra se limitó a pacientes en tratamiento residencial en seis centros""",Sí,"""Esto restringe la generalización de los resultados""",Sí,"""hallazgos resaltan la importancia del craving en la progresión del TUM""",Falla fuerte con reconocimiento,Alta
01597_Cultura_y_Droga_2024.pdf,Detección de fentanilo en estimulantes y reducción de daños en ciudades de México,2024,Sí,"""efectivamente se utilizó un muestreo a conveniencia""",Sí,"""estudio no son representativos debido... a la conveniencia""",No,"""No se busca... realizar generalizaciones simplistas""",Debilidad importante,Alta
01605_Desafíos_2025.pdf,“A la gente como yo nos da lo mismo”. Efectos de las condiciones materiales en la indiferencia política,2025,No,"""se utiliza una regresión logística con datos de Latinobarómetro""",Sí,"""modelo aporta señales de poca predictividad""",Sí,"""indiferencia ciudadana frente al régimen político en América Latina""",Sin falla relevante,Alta
01642_RHS_Revista_Humanismo_y_Socied_2026.pdf,Estado nutricional y determinantes sociales de la salud en niños del barrio Palenque,2026,Sí,"""No se calculó tamaño de muestra ni se utilizó una técnica de muestreo""",Sí,"""tamaño reducido... y la imposibilidad de realizar análisis de asociación""",Sí,"""hallazgos... aportan a la radiografía de los problemas de malnutrición infantil""",Falla fuerte con reconocimiento,Alta
01650_RHS_Revista_Humanismo_y_Socied_2025.pdf,La comprensión del fenómeno de la muerte en la perspectiva del estudiante universitario,2025,Sí,"""participación de estudiantes de la Universidad de San Buenaventura [y otras tres]""",No,Sin evidencia,Sí,"""estudiantes universitarios, en su mayoría, aceptan la muerte""",Falla fuerte clásica,Media
01663_Revista_Colombiana_de_Obstetri_2024.pdf,"Respuesta a la carta al Editor sobre “Cociente neutrófilos/linfocitos preoperatorios...""",2024,Sí,"""es una muestra limitada""",Sí,"""estamos de acuerdo en que es una muestra limitada""",Sí,"""aportación útil a las posibilidades que ofrece la investigación del CNL""",Falla fuerte con reconocimiento,Alta
01664_Revista_Colombiana_de_Obstetri_2022.pdf,Prevalencia de disfunción sexual en gestantes en control prenatal en Rionegro,2022,Sí,"""Se hizo muestreo por conveniencia""",Sí,"""muestreo por conveniencia limita la generalización""",Sí,"""disfunción sexual se presenta en por lo menos un tercio de las gestantes""",Falla fuerte con reconocimiento,Alta
01667_Revista_Colombiana_de_Obstetri_2020.pdf,Prevalencia de infección por VPH de alto riesgo y citología anormal anal en mujeres con displasia cervical,2020,Sí,"""Muestreo consecutivo [por conveniencia]""",Sí,"""muestreo no aleatorio, las conclusiones solo se aplican a la población estudiada""",Sí,"""prevalencia de infección anal por VPH-AR... fue del 32 %""",Falla fuerte con reconocimiento,Alta
01670_Revista_Colombiana_de_Obstetri_2016.pdf,"Respuestas a: Comentarios sobre el artículo “Comparación de dos protocolos de manejo en preeclampsia...""",2016,Sí,"""metodología del estudio, al ser una cohorte retrospectiva""",Sí,"""estudio no genera un grado de recomendación fuerte por el tipo de diseño""",Sí,"""protocolos de manejo aplicados a la población Latinoamericana""",Falla fuerte con reconocimiento,Alta
01686_Revista_Virtual_Universidad_Ca_2025.pdf,"Condiciones sociodemográficas, económicas, nutricionales y salud mental...",2025,No,"""seleccionados mediante muestreo probabilístico, representativo por ciudad""",Sí,"""pudo haber afectado de manera considerable la muestra""",Sí,"""prevalencia de depresión en personas mayores a nivel nacional""",Sin falla relevante,Alta
01691_Revista_de_Economía_del_Rosari_2026.pdf,Análisis de factores no cognitivos y desempeño académico. El caso de la Universidad del Rosario...,2025,No,"""base de datos con la que se cuenta... se compone de estudiantes recién ingresados""",Sí,"""modelo aporta señales de poca predictividad""",No,"""El caso de la Universidad del Rosario, 2018""",Sin falla relevante,Alta
01692_Revista_de_Economía_del_Rosari_2026.pdf,Las capacidades de los economistas que son más demandadas en el mercado laboral...,2026,Sí,"""no se utilizó ningún método de muestreo aleatorio""",Sí,"""Los encuestados no representan estadísticamente a las poblaciones objetivo""",No,"""quienes respondieron tienen más interés... que el grueso de los jefes""",Debilidad importante,Alta
01699_Revista_de_Economía_del_Rosari_2023.pdf,Teletrabajo y comportamiento creativo,2023,No,"""muuestra se hizo de forma probabilística por conglomerados""",Sí,"""se centra en el sector eléctrico... lo que reduce la generalización""",No,"""centra en el sector eléctrico colombiano""",Sin falla relevante,Alta
01714_Revista_de_Investigación_Agrar_2025.pdf,Interrelationship between Good Agricultural Practices and the quality of refrigerated raw milk...,2025,No,"""estudio en unidades de producción lecheras del Vale do Taquari""",No,Sin evidencia,No,Sin evidencia,Sin falla relevante,Media
01718_Revista_de_Investigación_Agrar_2023.pdf,Productividad y estimación de la emisión de metano en vacas de leche...,2024,No,"""observaciones del individuo j en el tratamiento i""",No,Sin evidencia,No,Sin evidencia,Sin falla relevante,Alta
01719_Revista_de_Investigación_Agrar_2023.pdf,"Relación entre material particulado, variables meteorológicas e infecciones respiratorias...",2024,No,"""se utilizó información oficial... registros suministrados por el Hospital""",Sí,"""no se podría utilizar para estimar los posibles eventos futuros""",No,"""no se puede concluir que... influyen sobre la salud respiratoria de todos los barrios""",Sin falla relevante,Alta
01724_Suma_de_Negocios_2025.pdf,Retos en la gestión del talento humano: el papel del marketing interno...,2025,Sí,"""muestra (802 empleados) corresponde a la filial en Jalisco""",No,Sin evidencia,Sí,"""marketing interno para la gestión del talento humano""",Falla fuerte clásica,Alta
01726_Suma_de_Negocios_2024.pdf,Employment and salaries of university graduates: impact evaluation...,2024,No,"""population consisted of 4,677 untreated and 936 treated students""",No,Sin evidencia,No,Sin evidencia,Sin falla relevante,Alta
01728_Suma_de_Negocios_2024.pdf,Informalidad y desempeño económico: una aproximación inicial...,2024,No,"""muestreo fue estratificado""",No,Sin evidencia,Sí,"""desempeño de la economía del Perú""",Sin falla relevante,Alta
01730_Suma_de_Negocios_2024.pdf,Modelo de 4Fs del marketing digital: vínculo con el posicionamiento de Marca,2024,Sí,"""tipo de muestra fue no probabilística, de tipo autoseleccionada""",Sí,"""estudio no es generalizable debido a que la muestra fue autoseleccionada""",Sí,"""esfuerzos que realicen las empresas hoteleras... contribuirá de manera importante""",Falla fuerte con reconocimiento,Alta
01731_Universidad_y_Salud_2026.pdf,Prevalencia de consumo de alimentos fuente de zinc... en niños de un hogar infantil,2026,No,"""selección se efectuó mediante un muestreo probabilístico aleatorio simple""",Sí,"""por tratarse de un estudio transversal, no se efectuó la medición de los mecanismos causales""",Sí,"""aporta evidencia científica reciente sobre la dinámica que determina la ingesta""",Sin falla relevante,Alta
01732_Universidad_y_Salud_2025.pdf,Estrategias didácticas para la prevención de parásitos intestinales en niños escolares,2025,No,"""Se seleccionaron de forma aleatoria... ambos seleccionados de forma aleatoria""",Sí,"""se corre el riesgo de no lograr los resultados esperados debido a los múltiples factores""",Sí,"""aporta información relevante para la implementación de propuestas educativas... en los niños... del país""",Sin falla relevante,Alta
01733_Universidad_y_Salud_2025.pdf,Percepción de riesgo y consumo de cigarro electrónico en estudiantes de enfermería,2025,Sí,"""se empleó un muestreo no probabilístico por conveniencia""",Sí,"""tamaño reducido de la muestra puede limitar la generalización""",Sí,"""formación en enfermería puede tener un efecto protector""",Falla fuerte con reconocimiento,Alta
01734_Universidad_y_Salud_2025.pdf,"Return to work, family functionality, and social support in women...",2025,Sí,"""A non-probabilistic, convenience sampling method was used""",Sí,"""population sample is not representative... as data were collected through convenience sampling""",Sí,"""For a pregnant woman over 35 years of age... a functional family... actúan positivamente""",Falla fuerte con reconocimiento,Alta
01735_Universidad_y_Salud_2025.pdf,Utilidad de la Escala de Alvarado en pacientes pediátricos con dolor abdominal,2025,No,"""historias fueron seleccionadas mediante un muestreo aleatorio sistemático""",Sí,"""debilidades fueron: su carácter retrospectivo""",Sí,"""EA útil en la evaluación y el manejo de niños con dolor abdominal""",Sin falla relevante,Alta
01737_Universidad_y_Salud_2024.pdf,Abriendo puertas para la vida: Programa de prevención de conductas suicidas,2024,Sí,"""Participaron nueve docentes voluntarios... no se realizó un muestreo probabilístico""",Sí,"""Al considerar la limitación del número de participantes... pueden no ser generalizables""",Sí,"""programa “Abriendo Puertas para la Vida” evidenció efectividad y pertinencia""",Falla fuerte con reconocimiento,Alta
01740_Universidad_y_Salud_2024.pdf,Rol comunicativo del cuidador en pacientes con accidente cerebrovascular,2025,Sí,"""seleccionados según muestreo por criterios y reclutamiento en cadena""",No,Sin evidencia,Sí,"""Es necesario cualificar al cuidador en la atención del paciente con accidente cerebrovascular""",Falla fuerte clásica,Alta
01760_Cedamaz_2024.pdf,Satisfacción estudiantil posutilización del simulador dental para prácticas de anestesia,2024,Sí,"""estudiantes... quienes participaron voluntariamente""",No,Sin evidencia,Sí,"""simulador dental... es una metodología de enseñanza-aprendizaje útil para los estudiantes""",Falla fuerte clásica,Media
01204_Heringeriana_2025.pdf,Knowledge of species Psidium L. in Cerrado communities...,2025,Sí,"""identify people interested in participating""",Sí,"""statistical comparisons not recommended""",Sí,"""people incorporated knowledge... into their repertoire""",Falla fuerte con reconocimiento,5
01247_Journal_on_Interactive_Systems_2025.pdf,Perception and Precision: How VST and OST Headsets Influence Task Execution,2025,Sí,"""Eighty volunteers were split""",Sí,"""did not include the same participants""",Sí,"""HMDs can... impair speed and accuracy in common... activities""",Falla fuerte con reconocimiento,5
01250_Journal_on_Interactive_Systems_2025.pdf,What are the Project Management Practices in the Digital Games Industry?,2025,Sí,"""sampling plan was non-probabilistic and judgment-based""",Sí,"""respondents with less than five years... represents a limitation""",Sí,"""provides a comprehensive overview of DGPM practices""",Falla fuerte con reconocimiento,5
01281_Orbital_The_Electronic_Journal_2026.pdf,The Correlation Between High School Students' Visual-Spatial Ability and... Stoichiometry,2026,Sí,"""70 students from two private senior high schools""",Sí,"""relatively small and geographically limited sample""",Sí,"""improving students’ visual-spatial skills may enhance their ability""",Falla fuerte con reconocimiento,5
01293_Processando_o_Saber_2025.pdf,Creches para cães: um capricho ou uma necessidade?,2025,Sí,"""distribuído via hiperlink aos moradores da região""",No,Sin evidencia,Sí,"""impacto das creches para cães na vida moderna da família""",Falla fuerte clásica,5
01303_Prâksis_2026.pdf,Infâncias em dissidências de gênero: a afeminação em pauta...,2026,Sí,"""questionário online... método 'bola de neve'""",Sí,"""número restrito de participants nas entrevistas""",Sí,"""meninos que performam aproximações... estão mais vulneráveis""",Falla fuerte con reconocimiento,5
01307_Prâksis_2025.pdf,Recursos educativos basados en la arqueología para la identidad cultural...,2025,Sí,"""técnica de muestreo no probabilístico intencional""",No,Sin evidencia,Sí,"""representan una alternativa innovadora para el desarrollo de habilidades""",Falla fuerte clásica,4
01342_Revista_Brasileira_de_Estudos_2025.pdf,El ciclo económico: una pieza en el rompecabezas de los jóvenes...,2025,No,"""datos de encuestas armonizadas para catorce países""",No,Sin evidencia,Sí,"""proporción de nini sigue un patrón contracíclico""",Sin falla relevante,4
01343_Revista_Brasileira_de_Estudos_2025.pdf,Estimating depression-free life expectancy in the hearing-impaired population...,2025,No,"""complex survey design characterized by probabilistic sampling""",Sí,"""self-reported... data carry inherent biases""",Sí,"""Estimating... in the hearing-impaired population in Brazil""",Sin falla relevante,5
01345_Revista_Brasileira_de_Estudos_2025.pdf,Preferências reprodutivas e fecundidade não realizada no Brasil,2025,Sí,"""pesquisa inédita realizada on-line... YouGov"" (panel de voluntarios)",No,Sin evidencia,Sí,"""A maioria dos brasileiros... desejo predominante era ter dois filhos""",Falla fuerte clásica,Alta
01346_Revista_Brasileira_de_Estudos_2025.pdf,"Tipos de relações conjugais, papéis de gênero e diferenciais socioeconômicos no Brasil",2025,No,"""Utilizando dados da PNAD 2014""",Sí,"""alcance desta proxy é insuficiente para captar toda a complexidade""",Sí,"""casais brasileiros foram classificados em uma escala""",Sin falla relevante,Alta
01363_Revista_Brasileira_de_Saúde_Ma_2025.pdf,Maternal intention to use child care and actual enrollment...,2025,Sí,"""selected health district... women in the third trimester""",Sí,"""modest sample size, which may limit generalizability""",Sí,"""question to be considered in terms of public policy""",Falla fuerte con reconocimiento,5
01367_Revista_Brasileira_de_Saúde_Ma_2024.pdf,Factors associated with parental stress in neonatal intensive care units...,2024,Sí,"""institutions were chosen based on geographical availability""",Sí,"""data collection occurred entirely virtually... limited""",Sí,"""verify the factors... in small municipalities""",Falla fuerte con reconocimiento,5
01368_Revista_Brasileira_de_Saúde_Ma_2024.pdf,Pregnant women in the street context: social vulnerability,2024,Sí,"""study was made up of two participants""",Sí,"""conducted with two respondents... sadness, fear, mistrust""",Sí,"""identify elements... social vulnerability experienced by women""",Falla fuerte con reconocimiento,5
01369_Revista_Brasileira_de_Saúde_Ma_2024.pdf,Prevalence and factors associated with vitamin D deficiency...,2024,No,"""sample by clusters... probabilistic allocation""",Sí,"""study group is relatively homogeneous... allocated from public schools""",Sí,"""adolescents in northern Minas Gerais""",Sin falla relevante,5
01382_Revista_Katálysis_2024.pdf,Curricularização da extensão: realidade da Regional Sul I da ABEPSS,2024,Sí,"""questionário do Google forms e das rodas de conversa""",Sí,"""processo se mostra incipiente e marcado por dúvidas""",Sí,"""particularidades... do Paraná, Santa Catarina e Rio Grande do Sul""",Falla fuerte con reconocimiento,4
01402_Revista_Projetar_2025.pdf,Possibilidades da materialidade na arquitetura contemporânea...,2025,No,Sin evidencia,No,Sin evidencia,No,Sin evidencia,No evaluable,5
01403_Revista_Projetar_2025.pdf,Ambientes hospitalares humanizados: Uma abordagem multidisciplinar,2025,Sí,"""professionals with similar profiles... identified through LinkedIn""",Sí,"""expansion of the number of respondents... could broaden perspective""",Sí,"""design no mercado brasileiro da saúde""",Falla fuerte con reconocimiento,5
01407_Revista_Projetar_2025.pdf,"Fenomenologia, arquitetura e complexidade: Uma análise do Centro Loisium...",2025,No,Sin evidencia,No,Sin evidencia,No,Sin evidencia,No evaluable,5
01408_Revista_Projetar_2025.pdf,A Identidade da Metrópole: O edifício vertical... no Recife,2025,No,Sin evidencia,No,Sin evidencia,No,Sin evidencia,No evaluable,5
01409_Revista_Projetar_2025.pdf,O ideal da flexibilidade na arquitetura moderna europeia,2025,No,Sin evidencia,No,Sin evidencia,No,Sin evidencia,No evaluable,5
01454_Socioeconomic_Analytics_2025.pdf,Impact of the adoption of new rice technologies: a solution for food security in Senegal,2025,No,"""data from the 2017 PAPA survey... and the DASPA survey""",No,Sin evidencia,Sí,"""food security in Senegal""",Sin falla relevante,4
01458_Socioeconomic_Analytics_2025.pdf,Social Network Analysis of Occupational Structures...,2025,No,"""WVSA allows for the application of a national representative random sample""",Sí,"""WVS data constrains the analysis to the variables... available""",Sí,"""The socio-occupational structure of the five countries analysed""",Sin falla relevante,5
01467_Tempo_Social_2024.pdf,“Defendendo a paz social”: Entre a naturalización e o racismo en decisiones de decretación de prisión preventiva,2024,Sí,"""documental de decisiones... convertem prisões em flagrante em prisões preventivas""",No,Sin evidencia,Sí,"""sistema de justiça penal brasileiro segue lógicas discriminatórias""",Falla fuerte clásica,5
01490_Vértices_2020.pdf,Prevalência de mosaicismo cromossômico em 2.500 casos realizados em um laboratório de genética...,2020,Sí,"""estudo descritivo retrospectivo... em um laboratório de genética""",No,Sin evidencia,No,"""Dos 2.500 exames de cariótipo analisados, 19 apresentaram mosaicismo""",Debilidad importante,4
01495_Estudios_Atacameños_2024.pdf,Sentido y valor de los mercados costeros de lugar en Chile...,2024,Sí,"""se aplicaron criterios de muestra estructural""",Sí,"""muestra estructural, procurando representatividad cualitativa""",Sí,"""mercados costeros de lugar en el litoral chileno""",Falla fuerte con reconocimiento,5
01506_Persona_y_Sociedad_2023.pdf,"#GeocienciasArcoíris, una iniciativa pionera en España...",2023,Sí,"""se optó por un muestreo intencionado mediante el contacto por correo""",Sí,"""investigación tiene un carácter exploratorio ya que la muestra no es representativa""",Sí,"""situación del colectivo LGTBI+ en el ámbito de geociencias en el territorio español""",Falla fuerte con reconocimiento,5
01508_Persona_y_Sociedad_2023.pdf,Análisis de la comunicación de influencers políticas en TikTok en España y Argentina,2023,Sí,"""La muestra seleccionada es de tipo incidental""",No,Sin evidencia,Sí,"""comunicación de las mujeres influencers políticas en TikTok en España y Argentina""",Falla fuerte clásica,5
01530_Revista_Hábitat_Sustentable_2024.pdf,PROPUESTA METODOLÓGICA PARA MEDIR EL DESLUMBRAMIENTO EN AMBIENTES INTERIORES...,2024,Sí,"""Se evaluaron 9 participantes... seleccionados como sujetos experimentales de un estudio anterior""",Sí,"""es necesario incluir más participantes... para poder sacar resultados más robustos""",No,Sin evidencia,Sin falla relevante,5
01549_Acta_Neurológica_Colombiana_2023.pdf,Polineuropatía desmielinizante inflamatoria crónica,2023,Sí,"""se evaluaron 34 pacientes... procedían de la consulta y sala de hospitalización""",No,Sin evidencia,Sí,"""CIDP... afecta tanto a hombres como a mujeres""",Falla fuerte clásica,Alta
01203_Heringeriana_2025.pdf,Knowledge of species Psidium L. in Cerrado communities...,2025,Sí,"""identify people interested in participating""",Sí,"""statistical comparisons not recommended""",Sí,"""people incorporated knowledge... into their repertoire""",Falla fuerte con reconocimiento,5
00905_Revista_Transporte_y_Territori_2025.pdf,Movilidad peatonal y justicia territorial: un enfoque comparativo,2025,No,"""A partir de las encuestas de Origen-Destino más recientes""",Sí,"""señalar limitaciones de las encuestas""",No,Sin evidencia,Sin falla relevante,Alta
00906_Revista_Transporte_y_Territori_2024.pdf,"Caracterización inicial de la movilidad de las mujeres rurales en Cuenca, Ecuador",2024,No,"""encuesta representativa aplicada en zonas rurales""",Sí,"""información disponível de la encuesta no permite detallar el tipo de trabajo""",No,Sin evidencia,Sin falla relevante,Alta
00907_Revista_Transporte_y_Territori_2024.pdf,"Conductas de protección vial en la ciudad de Sunchales, Argentina",2024,Sí,"""se registraban los vehículos más próximos y visibles""",Sí,"""no existen garantías de que la muestra sea representativa""",No,Sin evidencia,Debilidad importante,Alta
00908_Revista_Transporte_y_Territori_2024.pdf,Interseções cicláveis: uma análise de indicadores de nível de serviço,2024,Sí,"""foi utilizado o método de 'bola de neve'""",Sí,"""exclusão de pessoas sem acesso à internet""",Sí,"""independentemente da população... principais indicadores destacados""",Falla fuerte con reconocimiento,Alta
00909_Revista_Transporte_y_Territori_2024.pdf,Qualidade do serviço e satisfação dos usuários: estudo do sistema de transporte por ônibus en Porto Alegre,2024,No,"""amostra calculada com nível de confiança de 95% e erro amostral de 5%""",Sí,"""os dados disponíveis têm uma defasagem considerável""",No,Sin evidencia,Sin falla relevante,Alta
00923_Revista_de_Enseñanza_de_la_Fís_2024.pdf,Análise translacional de crenças de autoeficácia na aprendizagem de Física - Parte 2,2024,Sí,"""investigada, de modo exploratório e experimental""",Sí,"""revelando a dificuldade de colher dados seguros neste período""",No,Sin evidencia,Debilidad importante,Alta
00924_Revista_de_Enseñanza_de_la_Fís_2024.pdf,Discussões entre estudantes durante a resolução de questões de física e confiança,2024,Sí,"""junto a três turmas do 1º ano de cursos profissionalizantes""",Sí,"""devido às limitações da nossa pesquisa, nós não temos dados""",No,Sin evidencia,Debilidad importante,Alta
00952_Acta_Scientiarum_Technology_2025.pdf,Assessment of heavy metal accumulation... vicinity of a landfill,2025,Sí,"""orchard is in the landfill area""",No,Sin evidencia,Sí,"""consumption of vegetables cultivated in the region is safe for the inhabitants""",Falla fuerte clásica,Media
00957_Acta_Scientiarum_Technology_2023.pdf,Pesticide residues detected in Colossoma macropomum,2023,No,"""54 fish farms randomly selected from the 138 found""",Sí,"""em 41% (22/54) não foi possível colher tecido muscular""",No,Sin evidencia,Sin falla relevante,Alta
00962_Agrombiente_On-line_2024.pdf,Economic losses due to abscesses and/or vaccine granulomas,2024,Sí,"""evaluating cattle carcass injuries... around 5% of animal per day""",No,Sin evidencia,Sí,"""representing an economic loss of R$ 2,105.20... in the state""",Falla fuerte clásica,Alta
00969_Agrombiente_On-line_2021.pdf,"Açaí production in the municipality of São Miguel do Guamá, Pará: perspective of açaí beaters",2021,Sí,"""sampling method that uses reference chains was adopted""",No,Sin evidencia,Sí,"""generate subsidies for the construction of public policy""",Falla fuerte clásica,Alta
00985_Anais_da_Academia_Brasileira_d_2024.pdf,IFITM3 rs12252 polymorphism association with COVID-19 severity and mortality in a Brazilian sample,2024,Sí,"""hospitalized at Hospital Eduardo de Menezes... were enrolled""",Sí,"""further replication studies in larger and more diverse populations are needed""",No,Sin evidencia,Debilidad importante,Alta
00990_Anais_da_Academia_Brasileira_d_2024.pdf,Supplementation strategies for ewes during gestation and lactation,2024,No,"""distributed in a completely randomized design""",No,Sin evidencia,No,Sin evidencia,Sin falla relevante,Alta
01037_Brazilian_Journal_of_Biology_2025.pdf,Molecular characterization of fungal species in bats from Brazil’s Atlantic Forest,2025,Sí,"""Bats were captured using 10 mist nets... installed in animal transit areas""",Sí,"""gaining this understanding will require further research into the influence of species-specific traits""",No,Sin evidencia,Debilidad importante,Alta
01051_Brazilian_Journal_of_Medical_a_2025.pdf,Fractal analysis of peripheral blood neutrophil chromatin in patients infected with Trypanosoma cruzi and/or HIV,2025,Sí,"""The sample was non-probabilistic and intentional""",Sí,"""it is essential to investigate these potential subpopulations through genetic and immunophenotyping tests""",Sí,"""has proven to be a prognostic tool... in individuals infected with T. cruzi and/or HIV""",Falla fuerte con reconocimiento,Alta
01054_Brazilian_Journal_of_Medical_a_2024.pdf,PMEPA1 promotes gastric cancer cell proliferation...,2024,No,"No hay evidencia clara de selección aleatoria, estudio experimental de laboratorio",No,Sin evidencia,No,Sin evidencia,Sin falla relevante,Alta
01056_Brazilian_Journal_of_Medical_a_2023.pdf,CD40/CD40L expression and its prognostic value in cervical cancer,2023,No,"""Search of CD40/CD40L expression... in public data sets""",Sí,"""public databases... gives a general picture that may not correspond with the protein levels""",No,Sin evidencia,Sin falla relevante,Alta
01059_Brazilian_Journal_of_Medical_a_2021.pdf,Decreased levels of cathepsin Z mRNA expressed by immune blood cells: diagnostic and prognostic implications in prostate cancer,2021,Sí,"""included thirty patients... and twenty healthy male subjects""",Sí,"""indicates an interference of the sample size of this pilot study""",Sí,"""Low CTSZ mRNA expression... is a possible PCa marker""",Falla fuerte con reconocimiento,Alta
01060_Brazilian_Journal_of_Medical_a_2021.pdf,Differential proteomic analysis of children infected with respiratory syncytial virus,2021,Sí,"""Forty children diagnosed with RSV bronchiolitis... were selected""",Sí,"""leading to low statistical power when identifying DEPs""",Sí,"""may be potential therapeutic biomarkers or targets""",Falla fuerte con reconocimiento,Alta
01090_CSOnline_2024.pdf,RELIGIÃO E ESPAÇO PÚBLICO: PERSPECTIVAS ALTERNATIVAS...,2024,No,"No es artículo empírico primario, usa encuestas secundarias",No,Sin evidencia,No,Sin evidencia,No evaluable,Alta
01108_Cadernos_de_Estudos_Sociais_2020.pdf,Estudantes de primeira geração do curso de pedagogia do litoral norte,2020,Sí,"""selecionamos um egresso de cada IES""",Sí,"""neste breve estudo exploratório""",No,"""perfil do egresso... no universo explorado""",Debilidad importante,Alta
01118_Cadernos_de_Pesquisa_2025.pdf,Presence of digital social networks in educational practices of law course,2025,Sí,"""empirical field chosen was the undergraduate Law program of a university""",Sí,"""generational gap between professors and students became evident""",No,"""perceive the impact... in a Law program""",Debilidad importante,Alta
01134_Dementia_Neuropsychologia_2025.pdf,"Coping, stress, and burden among caregivers...",2025,Sí,"""sample was non-probabilistic and based on convenience""",Sí,"""restricts the generalizability of the findings""",No,Sin evidencia,Debilidad importante,Alta
01135_Dementia_Neuropsychologia_2025.pdf,Effects of computerized cognitive training...,2025,Sí,"""recruited through a convenience sampling method""",Sí,"""study is limited by its one-group design""",No,"""results provide preliminary evidence""",Debilidad importante,Alta
01138_Dementia_Neuropsychologia_2025.pdf,Repercussions of sleep quality on the P300...,2025,Sí,"""convenience sample comprised by 28 participants""",Sí,"""sample is not representative of the broader aged population""",No,Sin evidencia,Debilidad importante,Alta
01167_Entomology_Beginners_2025.pdf,Mosquitos (Diptera: Culicidae) de importancia médica en... Chetumal,2025,No,"""recolectados mosquitos adultos en cuatro sitios estratégicos""",No,Sin evidencia,No,"""monitorear los mosquitos en las ciudades fronterizas""",Sin falla relevante,Alta
01171_Estudo_Debate_2026.pdf,Desigualdade de gênero e raça na região metropolitana de Salvador,2026,No,"""utilizando dados da Pesquisa Nacional por Amostra de Domicílios Continua""",Sí,"""ajustado pela correção de Heckman para tratar o viés de seleção""",Sí,"""enfrentam desigualdades salariais significativas na Região Metropolitana de Salvador""",Sin falla relevante,Alta
01172_Estudo_Debate_2026.pdf,Mobilidade urbana como fator de desigualdade social,2026,Sí,"""utilizou entrevistas com moradores da localidade""",Sí,"""embora pudesse apresentar um viés analítico""",No,"""impacta na qualidade de vida dos entrevistados""",Debilidad importante,Alta
01175_Estudo_Debate_2025.pdf,Evaluation of the knowledge of pig farmers in commercial farms,2025,No,"""stratified random sampling was carried out""",Sí,"""sampling error was increased to 10%""",Sí,"""assess the knowledge of pig producers in RS""",Sin falla relevante,Alta
01183_Faces_Revista_de_Administração_2025.pdf,A presença de mulheres no conselho de administração impacta no valor da firma?,2025,No,"""empresas brasileiras não financeiras listadas na B3""",Sí,"""controle de heterogeneidade não observada entre as empresas""",Sí,"""posição da mulher... sobre a criação de valor da firma no contexto brasileiro""",Sin falla relevante,Alta
00593_Revista_Colombiana_de_Educació_2024.pdf,Estrategias metacognitivas y motivación de logro académico en estudiantes universitarios de Arequipa (Perú),2024,Sí,"""se tomó una muestra no probabilística de 157 estudiantes de Psicología""",Sí,"""el tamaño de la muestra es pequeño y no ha sido seleccionada de manera probabilística""",Sí,"""analizan las relaciones entre la metacognición y la motivación de logro académico en estudiantes universitarios""",Falla fuerte con reconocimiento,Alta
00598_Revista_Colombiana_de_Educació_2024.pdf,Programas de estímulo como variable predictora de los cambios en la profesión académica en Escuelas Normales de México,2024,Sí,"""con un muestreo no probabilístico por cuotas""",No,Sin evidencia,Sí,"""analizar... las variables asociadas a los cambios en la profesión académica en las instituciones normalistas de México""",Falla fuerte clásica,Alta
00618_Revista_Colombiana_de_Tecnolog_2026.pdf,La interactividad estudiantil y compromiso académico en campus virtuales de instituciones de educación superior,2026,Sí,"""Se empleó un muestreo no probabilístico de tipo intencional""",Sí,"""el uso de un muestreo no probabilístico limita la generalización de los resultados a otras poblaciones""",Sí,"""evaluar cómo cuatro dimensiones... explican el compromiso académico en estudiantes de cinco instituciones de educación superior""",Falla fuerte con reconocimiento,Alta
00621_Revista_UIS_Ingenierías_2025.pdf,"Cost of Capital and Return on Assets of Commercial Micro, Small, And Medium Enterprises (MSMEs) in Bogotá",2025,No,"""examina una muestra de 362 MIPYMES comerciales en Bogotá... a partir de bases de datos""",Sí,"""muestra disminuyó significativamente post-2015... debido al cambio de estándares contables""",Sí,"""establecer una base para la toma de decisiones financieras... de las Mipymes del sector comercial de Bogotá""",Sin falla relevante,Media
00643_Tecnura_2025.pdf,"Etapas de la gestión tecnológica orientada a la resolución de problemas industriales en la minería de arcilla en La Guajira, Colombia",2025,Sí,"""se tomó una muestra de acuerdo con los trabajadores de cada empresa""",No,Sin evidencia,Sí,"""la incidencia... como factor de crecimiento de la productividad de las minas de arcilla en La Guajira""",Falla fuerte clásica,Alta
00649_Tecnura_2023.pdf,Aprendiendo programación de computadores a partir de STEAMRW en ingeniería de sistemas,2023,Sí,"""Se seleccionaron dos cursos de la asignatura Programación I""",No,Sin evidencia,Sí,"""la metodología STEAMRW le provee al estudiante una serie de competencias... determinantes para el desarrollo de su perfil profesional""",Falla fuerte clásica,Alta
00655_Tropical_Grasslands-Forrajes_T_2024.pdf,Farmers’ evaluation and economic viability of Urochloa grasses grown on Nitosol and Vertisol in middle elevations in Ethiopia,2024,Sí,"""20 farmers... were selected to participate in selection""",No,Sin evidencia,Sí,"""Se seleccionaron U. mutica y Mulato II por tener una producción superior para cumplir con los requisitos""",Falla fuerte clásica,Alta
00659_Tropical_Grasslands-Forrajes_T_2023.pdf,Palatabilidad relativa de leñosas forrajeras representativas del bosque seco tropical utilizando un método de cafetería,2023,Sí,"""fueron ofrecidos durante 19 días a cinco bovinos Blanco Orejinegro (BON) adultos""",No,Sin evidencia,Sí,"""para la selección de las especies leñosas forrajeras a ser consideradas en sistemas de ganadería""",Falla fuerte clásica,Alta
00673_Revista_Andina_de_Educación_2026.pdf,Navigating the New Normal: Faculty Perception of Trust and Risks in Adopting Generative Artificial Intelligence in Higher Education,2026,Sí,"""Data were collected from respondents using convenience sampling""",Sí,"""the use of convenience sampling may introduce bias""",Sí,"""This study aims to explore the factors influencing GenAI adoption in higher education context""",Falla fuerte con reconocimiento,Alta
00674_Revista_Andina_de_Educación_2025.pdf,Autopercepción y autorregulación de la calidad de vida del estudiantado de escuelas primarias beneficiarios de un programa social en Chile,2025,Sí,"""el muestreo tuvo un carácter no probabilístico de tipo intencionado""",Sí,"""el sesgo muestral... restringe la generalización de los posibles hallazgos""",Sí,"""analizó los factores de riesgo y protectores asociados a la salud mental infantil""",Falla fuerte con reconocimiento,Alta
00676_Revista_Andina_de_Educación_2025.pdf,Comparación de actividades conectadas y desconectadas en la enseñanza del pensamiento computacional a futuros docentes,2025,Sí,"""se trabajó con grupos intactos o preexistentes para los que no es posible la asignación aleatoria""",Sí,"""restringe la generalización de los hallazgos a otras realidades geográficas y culturales""",Sí,"""las metodologías desenchufadas son una alternativa pedagógica de alto valor para Latinoamérica""",Falla fuerte con reconocimiento,Alta
00677_Revista_Andina_de_Educación_2025.pdf,"Educación, territorio y mar: Análisis de los imaginarios espaciales y la conciencia marítima en el sistema educativo ecuatoriano",2025,Sí,"""se complementó con trabajo de campo con diferentes grupos objetivos""",No,Sin evidencia,Sí,"""la inadecuada interpretación de productos cartográficos oficiales... generan la difusión de imaginarios territoriales inadecuados""",Falla fuerte clásica,Alta
00687_Revista_Técnica_Energía_2024.pdf,Percepción de confort térmico mediante la caracterización de la envolvente de edificaciones residenciales en la ciudad de Loja,2024,Sí,"""desarrollo y aplicación de encuestas dirigidas a la ciudadanía en general mediante medios digitales""",Sí,"""limitaciones se destaca el tamaño de la muestra... limita la generalización de los resultados""",Sí,"""las viviendas de la ciudad de Loja presentan mayor insatisfacción en la planta baja durante la noche""",Falla fuerte con reconocimiento,Alta
00710_Espacio_y_Desarrollo_2021.pdf,Cultura prosocial en Segovia y Remedios: un estudio de atributos en contextos mineros,2021,Sí,"""se desarrollaron instrumentos de recolección de información aplicados en el marco de experimentos deliberativos virtuales""",Sí,"""con estas estimaciones no se pretende hallar resultados representativos para Segovia y Remedios en términos generales""",No,"""con este modelo se busca observar cómo, para esta muestra particular, se relacionan las variables""",Debilidad importante,Alta
00724_Memoria_Investigaciones_en_Ing_2025.pdf,Evaluación de los factores de riesgos psicosociales y la incidencia en el desempeño laboral de los trabajadores...,2025,Sí,"""La muestra es no probabilística de tipo causal""",Sí,"""tamaño de la muestra... limita la generalización de los resultados en comparación a una población más amplia""",Sí,"""a mayor presencia de factores de riesgo psicosociales, menor es el desempeño laboral""",Falla fuerte con reconocimiento,Alta
00782_Cuestiones_de_Sociología_2026.pdf,"Efectos diferenciales del sector ocupacional en las inserciones laborales de calidad y en los ingresos, Argentina (2016-2023)",2026,No,"""se utilizan los micro-datos de la Encuesta Permanente de Hogares (EPH)... en su modalidad continua""",No,Sin evidencia,Sí,"""estudio de los cambios ocurridos en la estructura ocupacional de la sociedad argentina reciente""",Sin falla relevante,Alta
00787_Cuestiones_de_Sociología_2025.pdf,Investigación en tiempo real. El procesamiento de información para la toma de decisiones en la Escuela de Oficios de la UNLP,2025,Sí,"""encuestas de evaluación a estudiantes de las modalidades libres y regulares""",No,Sin evidencia,Sí,"""la potencia de la metodología... para la toma de decisiones y la mejora continua de la gestión universitaria""",Falla fuerte clásica,Media
00819_Ecología_Austral_2023.pdf,Multiscale environmental determinants of rats’ infestation on households in a subtropical urban to rural gradient in Latin America,2023,Sí,"""A total of 87 households... were surveyed""",No,Sin evidencia,Sí,"""prevention and control measures would be more effective if applied at the neighborhood level""",Falla fuerte clásica,Media
00820_Ecología_Austral_2023.pdf,Transición hacia un sistema alimentario más saludable y sostenible en la Argentina: Análisis de actores,2023,Sí,"""se realizaron 30 entrevistas semiestructuradas con actores clave""",No,Sin evidencia,Sí,"""la agenda pública sobre cómo avanzar hacia sistemas alimentarios más saludables y sostenibles en la Argentina es objeto de un abordaje muy compartimentado""",Falla fuerte clásica,Alta
00835_FACES_2025.pdf,Hacia un enfoque holístico de la ambidestreza: el Cuadro de Mando Ambidiestro en el sector hotelero de Puebla,2026,Sí,"""se seleccionaron específicamente los clasificados como hoteles de cuatro estrellas""",Sí,"""interpretar los hallazgos con cautela en consideración de las particularidades del contexto estudiado""",Sí,"""la capacidad de gestionar simultáneamente la eficiencia y la innovación es un factor clave para la competitividad y resiliencia de las empresas en la región""",Falla fuerte con reconocimiento,Alta
00838_FACES_2024.pdf,Incorporación de tecnología y empleo: dinámicas recientes en los sectores industrial y terciario de la ciudad de Rafaela,2024,Sí,"""se seleccionaron 13 observaciones que son las que cumplen dos condiciones relevantes""",Sí,"""dada la cantidad de casos relevados, el análisis anterior solamente se consideró como contexto""",Sí,"""estudiar la relación que existe entre la incorporación de nuevas tecnologías y el empleo operativo""",Falla fuerte con reconocimiento,Alta
00841_Fundamentos_2026.pdf,El poder de los dibujos desde una visión prospectiva en el mundo de los negocios,2026,Sí,"""92 estudiantes de la Universidad de Ibagué... seleccionados mediante un muestreo intencional""",Sí,"""ausencia de mediciones cuantitativas sistemáticas se identifican como aspectos a considerar""",Sí,"""identificación de evidencias transferibles en el desarrollo de capacidades anticipatorias aplicables a un contexto empresarial""",Falla fuerte con reconocimiento,Alta
00846_Fundamentos_2025.pdf,Factores que inciden en la intención de adopción de compra para adquirir vehículos eléctricos en cercado Cochabamba,2025,Sí,"""selección de las personas a encuestar y entrevistar se realizará por el muestreo no probabilístico por juicio""",No,Sin evidencia,Sí,"""determinar los factores que inciden en la intención de adopción para la compra de vehículos eléctricos en la ciudad""",Falla fuerte clásica,Alta
00850_Fundamentos_2025.pdf,Índice de Pobreza Multidimensional para la ciudad de Río Cuarto,2025,No,"""obtenida de la Encuesta Permanente de Hogares (EPH)... publicada trimestralmente""",Sí,"""reconoce la necesidad de evoluir para metodologías más sofisticadas""",Sí,"""identificar la proporción de hogares en situación de pobreza multidimensional""",Sin falla relevante,Alta
00852_Lilloa_2025.pdf,"Etnobotánica médica del caserío Peña Blanca – Tacabamba, provincia de Chota, Cajamarca",2025,No,"""se aplicó el muestreo probabilístico... para la obtención de la muestra se aplicó la fórmula""",Sí,"""escasa información confiable es el mayor obstáculo para una planificación eficaz""",No,"""evaluar el uso etnobotánico médico de este caserío""",Sin falla relevante,Alta
00862_Marine_and_Fishery_Sciences_2026.pdf,"Captura incidental, interacciones y pérdida de nasas en la pesquería de Ophichthus remiger en el norte del Perú",2026,Sí,"""datos provinieron de las bases de datos del sistema de monitoreo SBP implementados en el 100% de las embarcaciones operativas asociadas a la APPA""",Sí,"""importante considerar este posible sesgo al interpretar los resultados""",Sí,"""primera evaluación de la captura incidental... en la pesquería de anguila común en el norte del Perú""",Falla fuerte con reconocimiento,Alta
00867_Marine_and_Fishery_Sciences_2025.pdf,Genetic variability and demographic parameters... Xystreurys rasilis,2025,Sí,"""gratitude to the artisanal and sport fishermen and researchers who assisted in sampling""",No,Sin evidencia,Sí,"""Demographic history was further investigated through mismatch distributions""",Falla fuerte clásica,Media
00883_Pensum_2025.pdf,Evaluación de la sensibilidad ambiental de comunidad escolar,2025,Sí,"""evaluar el comportamiento de una comunidad escolar del Área Metropolitana de San Juan""",Sí,"""si bien se concluye que el caso de estudio presenta un desempeño... se pueden inferir los aspectos por mejorar""",No,"""concluye que el caso de estudio presenta un desempeño ambientalmente sustentable""",Debilidad importante,Alta
00901_Revista_Transporte_y_Territori_2025.pdf,Análise de Paraciclos em Parques Urbanos de Porto Alegre/Brasil: Onde as Pessoas Prendem suas Bicicletas?,2025,Sí,"""questionários aos ciclistas foram aplicados nos mesmos momentos dos levantamentos presenciais realizados nos parques""",No,Sin evidencia,Sí,"""identificam o lazer e o bem-estar como fatores chave para o uso da bicicleta em áreas urbanas""",Falla fuerte clásica,Alta
00903_Revista_Transporte_y_Territori_2025.pdf,La percepción social de la infraestructura ciclista y las acciones complementarias en su implementación,2025,Sí,"""mediante encuestas origen-destino, encuestas de intercepción, conteos y mesas de participación""",Sí,"""ninguno de los modelos estimados mostró una alta capacidad predictiva""",Sí,"""contribuir al enfoque de socialización de obras de este tipo y facilitar, así, la ejecución de políticas públicas sostenibles""",Falla fuerte con reconocimiento,Alta
00033_Praxis_Educativa_2025.pdf,Géneros textuales empleados en las universidades del Ecuador,2025,No,Sin evidencia clara en fragmentos.,No,Sin evidencia.,Sí,"""empleados en las universidades del Ecuador""",No evaluable,0.7
00057_RIA_Revista_Investigaciones_Ag_2022.pdf,Prospección del marchitamiento y cancro bacteriano del tomate...,2022,Sí,"""muestreos en 60 invernaderos comerciales""",No,Sin evidencia.,Sí,"""concluimos que la enfermedad está muy difundida en el CHP""",Falla fuerte clásica,0.9
00066_Revista_Argentina_de_Antropolo_2021.pdf,Distribución geográfica de la presión arterial elevada...,2021,Sí,"""se relevó... 2.268 escolares... residentes en distintos centros""",Sí,"""se reconoce que el presente trabajo tiene ciertas limitaciones""",Sí,"""el cinturón productivo de La Plata, presenta una realidad preocupante""",Falla fuerte con reconocimiento,1.0
00068_Revista_Argentina_de_Antropolo_2020.pdf,El periurbano productivo de la ciudad de La Plata...,2021,Sí,"""seleccionados de manera no aleatoria a partir de un muestreo por conveniencia""",No,Sin evidencia.,Sí,"""un espacio propicio para la malnutrición infanto-juvenil""",Falla fuerte clásica,1.0
00069_Revista_Argentina_de_Antropolo_2019.pdf,DISTANCIAS MARITALES: SALTA (ARgENTINA),2019,Sí,"""censos domiciliarios realizados en once localidades""",Sí,"""vinculada a la poca cantidad de parejas residentes""",Sí,"""las tres zonas geoestructurales analizadas""",Falla fuerte con reconocimiento,0.9
00092_Acta_Scientiarum_Animal_Scienc_2025.pdf,Assessment of the effects of the BARF diet on the health of dogs,2025,Sí,"""online survey... completely anonymous and voluntary""",Sí,"""small size of the research group... could have made it difficult""",Sí,"""The diet should be based on expertise... and quarterly blood tests""",Falla fuerte con reconocimiento,1.0
00093_Acta_Scientiarum_Animal_Scienc_2025.pdf,Next generation sequencing... vaginal bacterial microflora... mares,2025,Sí,"""Samples were collected from 30 clinically healthy adult mares""",No,Sin evidencia.,Sí,"""main elements of the vaginal microflora of the test population""",Falla fuerte clásica,0.8
00097_Acta_Scientiarum_Animal_Scienc_2023.pdf,"Microbiological diagnosis... bovine mastitis... Placas, Pará, Brazil",2023,Sí,"""Ten properties were evaluated... previously selected""",No,Sin evidencia.,Sí,"""agents causing mastitis in the region""",Falla fuerte clásica,0.9
00101_Arquivo_Brasileiro_de_Medicina_2026.pdf,Effects of selective serotonin... Venlafaxine... cats,2025,Sí,"""cats entered the study from three clinics in Tehran""",Sí,"""may be related to the number of samples""",Sí,"""treatment with venlafaxine... can reduce or solve the problem""",Falla fuerte con reconocimiento,1.0
00102_Arquivo_Brasileiro_de_Medicina_2026.pdf,Relationships between liver blood markers and milk parameters...,2025,Sí,"""124 samples from Holstein cows belonging to nine intensive dairy farms""",No,Sin evidencia.,Sí,"""results may be useful... when milk parameters are measured daily""",Falla fuerte clásica,0.9
00109_Arquivo_Brasileiro_de_Medicina_2023.pdf,Molecular prevalence of Mycoplasma parvum in technified swine herds,2023,Sí,"""producer participation was voluntary following the explanatory presentation""",Sí,"""Although not all swine farmers adhered to the study""",Sí,"""first report on PH in technified herds in Southeastern Brazil""",Falla fuerte con reconocimiento,0.9
00110_Arquivo_Brasileiro_de_Medicina_2023.pdf,Occurrence of Salmonella spp. in the broiler production chain,2023,Sí,"""secondary data present in the reports... refer to 319 samples""",Sí,"""thus constituting a sampling bias""",Sí,"""Salmonella spp. contamination of broiler carcasses slaughtered""",Falla fuerte con reconocimiento,0.9
00131_Ciência_Animal_Brasileira_2025.pdf,Abscesso peri-hepático associado à síndrome de indigestão vagal em bovinos,2025,Sí,"""estudo retrospectivo... foram selecionados 15 casos""",No,Sin evidencia,Sí,"""a presença de abscessos peri-hepáticos deve ser considerada""",Falla fuerte clásica,0.8
00132_Ciência_Animal_Brasileira_2025.pdf,Resistência antimicrobiana na produção ovina: semelhanças materno-descendentes,2025,Sí,"""Vinte e seis ovelhas... foram utilizadas neste estudo""",Sí,"""estudos específicos em cada sistema de produção ovina para o controle""",Sí,"""identificou padrões semelhantes de resistência antimicrobiana""",Falla fuerte con reconocimiento,0.9
00137_Ciência_Animal_Brasileira_2023.pdf,Achados epidemiológicos e anatomopatológicos de úlceras do abomaso...,2023,Sí,"""Um total de 201 animais... foram internados para atendimento""",No,Sin evidencia,Sí,"""enfatizam a ocorrência de úlceras do abomaso do tipo 1""",Falla fuerte clásica,0.9
00138_Ciência_Animal_Brasileira_2023.pdf,Estratégias de vedação na ensilagem de milho e desempenho de ovinos,2023,Sí,"""Foram utilizados seis cordeiros por tratamento, totalizando 18 animais""",No,Sin evidencia,Sí,"""não influenciaram o desempenho de cordeiros Dorper x Santa Inês""",Falla fuerte clásica,0.9
00140_Ciência_Animal_Brasileira_2023.pdf,"Soroepidemiologia de leptospirose em equinos da região de Santarém, Pará",2023,Sí,"""amostras... obtidas de 88 equinos criados em 15 propriedades""",No,Sin evidencia,Sí,"""sumamente importante establecer medidas de prevenção""",Falla fuerte clásica,0.9
00158_Ensaio_2024.pdf,How did women and men react to remote Education during the pandemic?,2024,Sí,"""applied self-report questionnaires to convenience samples""",Sí,"""the results are not generalizable but suggestive""",Sí,"""findings point to the statistical predominance of women""",Falla fuerte con reconocimiento,1.0
00200_Horizonte_2021.pdf,“Sem religião” ou pluralismo religioso? Uma leitura introdutória,2021,Sí,"""contou com uma população... junto aos jovens universitários""",Sí,"""talvez os números obtidos... devam ser relativizados""",Sí,"""categoria... não corresponde ao real formado do perfil religioso""",Falla fuerte con reconocimiento,0.9
00253_Ornamental_Horticulture_2025.pdf,Planning and evaluation of rooftop garden designs,2025,Sí,"""handed out to 10 specialists... and a random sample of potential users""",No,Sin evidencia,Sí,"""rooftop gardens represent an experiment to create aesthetic areas""",Falla fuerte clásica,0.8
00479_Sophia_Austral_2025.pdf,Hacia una caracterización del perfil docente universitario de nuevo ingreso,2025,Sí,"""La muestra es no probabilística y responde a un diseño anidado""",No,Sin evidencia,Sí,"""perfil docente universitario de nuevo ingreso""",Falla fuerte clásica,1.0
00504_Ciencia_y_Tecnología_Agropecua_2024.pdf,Factores genéticos y ambientales... permanencia productiva en ganado Holstein,2024,Sí,"""información recopilada en el sitio experimental Las Margaritas""",Sí,"""tamaño de muestra analizado""",Sí,"""mantener vacas cruzadas puede contribuir a aumentar la longevidad""",Falla fuerte con reconocimiento,0.9
00507_Ciencia_y_Tecnología_Agropecua_2023.pdf,Fasciola hepática como causal de decomiso de hígados en bovinos...,2023,Sí,"""registros de 2198 bovinos... centro de un beneficio particular""",No,Sin evidencia,Sí,"""elevada en los bovinos faenados en la provincia de Huaura""",Falla fuerte clásica,0.9
00509_Ciencia_y_Tecnología_Agropecua_2023.pdf,Sistema de producción del cultivo de arroz en zonas con alta salinidad,2023,Sí,"""seleccionaron los canales que eran más utilizados""",No,Sin evidencia,Sí,"""limitantes relevantes para la producción de arroz en el cantón""",Falla fuerte clásica,0.8
00523_Cuadernos_de_Geografía_Revista_2024.pdf,"Asentamientos informales, regularización y riesgo de desastres... Quito",2024,Sí,"""seleccionó el barrio Colinas del Norte como caso de estudio""",No,Sin evidencia,Sí,"""gran parte del distrito metropolitano... alto nivel de riesgo""",Falla fuerte clásica,0.9
00529_Cuadernos_de_Geografía_Revista_2023.pdf,Violencia física contra la mujer durante el confinamiento... Bogotá,2023,Sí,"""reportados a través de la Línea Púrpura""",Sí,"""dificultades de contactar las líneas de atención""",Sí,"""estima la probabilidad de violencia física de la mujer en Bogotá""",Falla fuerte con reconocimiento,0.9
00557_Mundo_Amazónico_2024.pdf,"Conflictos armados, medio ambiente y turismo... aviturismo en Colombia",2024,No,Sin evidencia clara (revisión de datos secundarios),No,Sin evidencia,No,Sin evidencia,No evaluable,0.8
00561_Papeles_2026.pdf,Building Independent Technical Reading Skills in EFL Students,2026,Sí,"""taking into consideration a convenience sample""",Sí,"""prioritizes depth of understanding... over generalizability""",Sí,"""improve professional English reading skills""",Falla fuerte con reconocimiento,1.0
00569_Papeles_2024.pdf,Implementing Inquiry-based Learning through Sustainable Development Goals,2024,Sí,"""realizado en una clase... 19 estudiantes""",Sí,"""limitaciones de tiempo y de número de participantes""",Sí,"""ayudar a los estudiantes a establecer conexiones significativas""",Falla fuerte con reconocimiento,1.0
00570_Papeles_2024.pdf,La importancia de los problemas socioambientales y su adecuación en libros...,2024,Sí,"""muestreo no probabilístico (muestreo disponible o de conveniencia)""",Sí,"""ampliar la muestra de los participantes en otras regiones""",Sí,"""importancia de tratar los temas socioambientales para aprendizaje""",Falla fuerte con reconocimiento,1.0
00257_Ornamental_Horticulture_2024.pdf,"Ornamental chili pepper: use, consumption and internal market",2024,Sí,"""shared by the authors in their networks of contacts via social media""",No,Sin evidencia,Sí,"""The data resulting from the consumer preference survey were analyzed""",Falla fuerte clásica,Alta
00296_Revista_Brasileira_de_Agroecol_2024.pdf,Caracterização dos agroecossistemas de açaí-do-amazonas em Codajás,2024,Sí,"""A técnica de amostragem empregada neste estudo foi a intencional""",No,Sin evidencia,Sí,"""O açaí tem grande valor socioeconômico... para a população de Codajás""",Falla fuerte clásica,Alta
00297_Revista_Brasileira_de_Agroecol_2024.pdf,Diversity and location: key elements to the production of agroecological technical novelties,2024,Sí,"""decided to focus on the smallholders who are regular participants""",No,Sin evidencia,Sí,"""production of agroecological technical novelties by smallholders""",Falla fuerte clásica,Media
00313_Revista_Brasileira_de_Engenhar_2024.pdf,Influence of good practices training and milking systems on standard plate count,2024,Sí,"""milk collections from the volunteer producers in the project""",Sí,"""Natural variability of the data... overall group of selected volunteers""",No,"""did not have an impact on the overall group of selected volunteers""",Debilidad importante,Media
00319_Revista_Brasileira_de_Engenhar_2022.pdf,Air quality assessment in high-tech broiler farms: A case study,2022,Sí,"""The first selected farm... the other is..."" [case selection]",No,Sin evidencia,No,"""The studied houses belong to cooperative members""",Debilidad importante,Media
00343_Revista_Brasileira_de_Saúde_e_2025.pdf,Canine infection by Ehrlichia canis and Anaplasma platys,2025,Sí,"""this cross-sectional descriptive study included a convenience sample""",No,Sin evidencia,Sí,"""frequência e caracterização molecular... na região semiárida do Brasil""",Falla fuerte clásica,Alta
00345_Revista_Brasileira_de_Saúde_e_2024.pdf,Resistência antimicrobiana de agentes bacterianos da mastite bovina,2024,Sí,"""realizado em 14 propriedades leiteiras situadas em quatro municípios""",No,Sin evidencia,Sí,"""propriedades de leiteiras da região metropolitana de são luís – MA""",Falla fuerte clásica,Media
00349_Revista_Brasileira_de_Saúde_e_2023.pdf,Estimativa da População Canina e Felina em um município do Semiárido,2023,No,"""adopting stratified probability sampling""",Sí,"""adoptando amostragem probabilística estratificada""",Sí,"""presenta datos sobre la población de perros y gatos en el área urbana""",Sin falla relevante,Alta
00350_Revista_Brasileira_de_Saúde_e_2023.pdf,Diagnosis and characterization of frog farming in Rio de Janeiro,2023,Sí,"""dissemination in a digital group... free mobile application""",No,Sin evidencia,Sí,"""Distribution of size ranges owned by frog farms in Rio de Janeiro""",Falla fuerte clásica,Alta
00351_Revista_Brasileira_de_Zootecni_2022.pdf,Characteristics of Central Anatolian Merino and Malya sheep,2022,No,"""record of each observation for live weight"" [Experimental groups]",No,Sin evidencia,No,"""Total CAM... Total Malya"" [conclusions for the study groups]",Sin falla relevante,Media
00354_Revista_Brasileira_de_Zootecni_2018.pdf,Characterization of Bísaro pig production system,2018,Sí,"""proportions of respondents/total producers""",No,Sin evidencia,Sí,"""characterize the whole population trends""",Falla fuerte clásica,Media
00355_Revista_Brasileira_de_Zootecni_2018.pdf,Association between morphology and gait in Campolina and Mangalarga horses,2018,No,"""information from the ABCCMM and ABCCC databases""",No,Sin evidencia,No,"""criterion adopted for Campolina and Mangalarga Marchador breeds""",Sin falla relevante,Alta
00357_Revista_Brasileira_de_Zootecni_2016.pdf,Heart rate and behaviour of weaned piglets,2016,Sí,"""Special thanks go to the Norwegian farmers for participating""",No,Sin evidencia,Sí,"""baseline and testing... heart rate parameters"" [biológicamente generalizado]",Falla fuerte clásica,Media
00359_Revista_Brasileira_de_Zootecni_2014.pdf,Postprandial changes in serum insulin and progesterone,2014,Sí,"""cow (period) was used as the subject"" [Experimental selection]",No,Sin evidencia,Sí,"""Postprandial changes in serum insulin and progesterone"" [Generalizado]",Falla fuerte clásica,Media
00473_Sophia_Austral_2026.pdf,"Optimistas, escépticos o temerosos: Perfiles actitudinales frente a la IA",2026,Sí,"""implica un sesgo de autoselección""",Sí,"""muestra fue relativamente pequeña, lo que restringe la generalización""",Sí,"""hallazgos contribuyen a la comprensión del impacto de la IA en entornos educativos""",Falla fuerte con reconocimiento,Alta
00474_Sophia_Austral_2025.pdf,La escritura epistémica en el sistema educativo chileno,2025,Sí,"""encuestó a diez profesores de establecimientos educacionales""",Sí,"""La principal limitación... tiene relación con la cantidad de profesores""",Sí,"""percepción del profesorado... en el sistema educativo chileno""",Falla fuerte con reconocimiento,Alta
00476_Sophia_Austral_2025.pdf,"Creencias sobre democracia, buena ciudadanía y vida cívica",2025,Sí,"""seleccionada mediante un muestreo no probabilístico intencionado""",Sí,"""mecanismo de selección de muestra podría limitar la representatividad""",Sí,"""describir las creencias respecto a democracia... en estudiantes de Pedagogía""",Falla fuerte con reconocimiento,Alta
